scope,group_id,n,det_source,mean_dice,detection,delineation,product,residual,predicted_residual,rel_err_vs_predicted,n_undetected,detection_sub,delineation_sub,product_sub,residual_sub,n_undetected_sub,notes
OOD,cvc_to_etis/AttentionUNet,196,recall_gt,0.3040613078324626,0.5663265306122449,0.5369010475395469,0.3040613075351516,2.9731100914531794e-10,2.973110480703886e-10,1.309237446691516e-07,85,0.5663265306122449,0.5369010475395469,0.3040613075351516,2.9731100914531794e-10,85,recall_gt carries no eps: 0 is exact
OOD,cvc_to_etis/EGAUNet,196,recall_gt,0.5557232278024944,0.7908163265306123,0.7027209847023891,0.555723227698318,1.0417644524807201e-10,1.0417641650122583e-10,2.7594381926178385e-07,41,0.7908163265306123,0.7027209847023891,0.555723227698318,1.0417644524807201e-10,41,recall_gt carries no eps: 0 is exact
OOD,cvc_to_etis/TransUNet,196,recall_gt,0.2079871236597708,0.5051020408163265,0.41177248675905337,0.20798712341401163,2.4575916302005396e-10,2.457591598338272e-10,1.296483408150278e-08,97,0.5051020408163265,0.41177248675905337,0.20798712341401163,2.4575916302005396e-10,97,recall_gt carries no eps: 0 is exact
OOD,cvc_to_etis/UNet,196,recall_gt,0.3406518498801625,0.6887755102040817,0.4945760187399746,0.3406518496423295,2.3783303104707443e-10,2.3783305565182577e-10,1.0345388627381848e-07,61,0.6887755102040817,0.4945760187399746,0.3406518496423295,2.3783303104707443e-10,61,recall_gt carries no eps: 0 is exact
OOD,cvc_to_kvasir/AttentionUNet,1000,recall_gt,0.35195998355909436,0.767,0.45887872688099274,0.35195998351772145,4.137290510186631e-11,4.1372999343321224e-11,2.2778544238828732e-06,233,0.767,0.45887872688099274,0.35195998351772145,4.137290510186631e-11,233,recall_gt carries no eps: 0 is exact
OOD,cvc_to_kvasir/EGAUNet,1000,recall_gt,0.7703899751079716,0.979,0.7869151941822797,0.7703899751044518,3.5197400549691338e-12,3.519740028948282e-12,7.392833435299162e-09,21,0.979,0.7869151941822797,0.7703899751044518,3.5197400549691338e-12,21,recall_gt carries no eps: 0 is exact
OOD,cvc_to_kvasir/TransUNet,1000,recall_gt,0.3869909000363402,0.895,0.4323920670690318,0.3869909000267835,9.556688773670885e-12,9.556685172384948e-12,3.7683407109134077e-07,105,0.895,0.4323920670690318,0.3869909000267835,9.556688773670885e-12,105,recall_gt carries no eps: 0 is exact
OOD,cvc_to_kvasir/UNet,1000,recall_gt,0.5149273950095731,0.934,0.5513141274034847,0.5149273949948547,1.4718337659758163e-11,1.4718294751372986e-11,2.9153010461615796e-06,66,0.934,0.5513141274034847,0.5149273949948547,1.4718337659758163e-11,66,recall_gt carries no eps: 0 is exact
OOD,kvasir_to_cvc/AttentionUNet,612,recall_gt,0.4458720464405366,0.8480392156862745,0.5257681934450368,0.44587204640191846,3.861810871086391e-11,3.861816874590185e-11,1.5545825507504476e-06,93,0.8480392156862745,0.5257681934450368,0.44587204640191846,3.861810871086391e-11,93,recall_gt carries no eps: 0 is exact
OOD,kvasir_to_cvc/EGAUNet,612,recall_gt,0.7033300153608891,0.9379084967320261,0.7498919327393699,0.7033300153470561,1.3833045819922063e-11,1.3832967354864445e-11,5.6722907333155656e-06,38,0.9379084967320261,0.7498919327393699,0.7033300153470561,1.3833045819922063e-11,38,recall_gt carries no eps: 0 is exact
OOD,kvasir_to_cvc/TransUNet,612,recall_gt,0.5036688743994984,0.9624183006535948,0.5233367591302052,0.5036688743916518,7.846612248840756e-12,7.846703134745223e-12,1.158282091486453e-05,23,0.9624183006535948,0.5233367591302052,0.5036688743916518,7.846612248840756e-12,23,recall_gt carries no eps: 0 is exact
OOD,kvasir_to_cvc/UNet,612,recall_gt,0.5469838993084065,0.8954248366013072,0.6108652305811917,0.5469838992785834,2.982314395438834e-11,2.982314032053949e-11,1.218466053977042e-07,64,0.8954248366013072,0.6108652305811917,0.5469838992785834,2.982314395438834e-11,64,recall_gt carries no eps: 0 is exact
OOD,kvasir_to_etis/AttentionUNet,196,recall_gt,0.3790245874855915,0.576530612244898,0.6574231773832261,0.3790245869607375,5.248539935998053e-10,5.248540576075613e-10,1.2195345138474095e-07,83,0.576530612244898,0.6574231773832261,0.3790245869607375,5.248539935998053e-10,83,recall_gt carries no eps: 0 is exact
OOD,kvasir_to_etis/EGAUNet,196,recall_gt,0.5524751012735769,0.7551020408163265,0.7316562149473513,0.5524751010826938,1.9088308711445734e-10,1.908831435460741e-10,2.956344514473044e-07,48,0.7551020408163265,0.7316562149473513,0.5524751010826938,1.9088308711445734e-10,48,recall_gt carries no eps: 0 is exact
OOD,kvasir_to_etis/TransUNet,196,recall_gt,0.4498656877967727,0.7551020408163265,0.5957680727080662,0.4498656875550704,2.417023248213468e-10,2.417023129792039e-10,4.8994741402188697e-08,48,0.7551020408163265,0.5957680727080662,0.4498656875550704,2.417023248213468e-10,48,recall_gt carries no eps: 0 is exact
OOD,kvasir_to_etis/UNet,196,recall_gt,0.38618999091559947,0.6071428571428571,0.6360776314175367,0.3861899905035044,4.12095080282171e-10,4.120950400649084e-10,9.759219305009697e-08,77,0.6071428571428571,0.6360776314175367,0.3861899905035044,4.12095080282171e-10,77,recall_gt carries no eps: 0 is exact
ID,baseline/AttentionUNet,242,Recall,0.8394898226404438,1.0,0.8394898226404438,0.8394898226404438,0.0,0.0,0.0,0,0.987603305785124,0.8500273517948106,0.8394898226403295,1.1435297153639112e-13,3,
ID,baseline/CaraNet,242,Recall,0.8316442656364066,1.0,0.8316442656364066,0.8316442656364066,0.0,0.0,0.0,0,0.9834710743801653,0.8456214801848813,0.8316442656363708,3.574918139293004e-14,4,
ID,baseline/M2SNet,242,Recall,0.8603479380379638,1.0,0.8603479380379638,0.8603479380379638,0.0,0.0,0.0,0,0.9752066115702479,0.8822211906998477,0.860347938037868,9.581224702515101e-14,6,
ID,baseline/MultiResUNet,242,Dice (proxy),0.8424785194947292,1.0,0.8424785194947292,0.8424785194947292,0.0,0.0,0.0,0,0.9793388429752066,0.860252327922782,0.8424785194946253,1.0391687510491465e-13,5,
ID,baseline/PSPNet,242,Recall,0.8646062004418408,1.0,0.8646062004418408,0.8646062004418408,0.0,0.0,0.0,0,0.9793388429752066,0.8828468375819193,0.8646062004417969,4.3853809472693683e-14,5,
ID,baseline/PolypPVT,242,Recall,0.86379502386353,1.0,0.86379502386353,0.86379502386353,0.0,0.0,0.0,0,0.9793388429752066,0.8820185475643201,0.8637950238543134,9.2166274612282e-12,5,
ID,baseline/PraNet,242,Dice (proxy),0.8445122607932337,1.0,0.8445122607932337,0.8445122607932337,0.0,0.0,0.0,0,0.9710743801652892,0.869667945157197,0.8445122607931459,8.781864124784988e-14,7,
ID,baseline/ResUNet,242,Recall,0.791859694621517,1.0,0.791859694621517,0.791859694621517,0.0,0.0,0.0,0,0.9834710743801653,0.805168260917613,0.7918596946214541,6.283862319378386e-14,4,
ID,baseline/SANet,242,Recall,0.848829747077322,1.0,0.848829747077322,0.848829747077322,0.0,0.0,0.0,0,0.9793388429752066,0.8667375476485558,0.8488297470773046,1.7319479184152442e-14,5,
ID,baseline/SegNet,242,Recall,0.8506006612701679,1.0,0.8506006612701679,0.8506006612701679,0.0,0.0,0.0,0,0.9834710743801653,0.8648964707032114,0.8506006612701005,6.7390537594747e-14,4,
ID,baseline/TransUNet,242,Recall,0.8390788241710456,1.0,0.8390788241710456,0.8390788241710456,0.0,0.0,0.0,0,0.9917355371900827,0.8460711477057742,0.8390788241710158,2.986499936241671e-14,2,
ID,baseline/UACANet,242,Recall,0.8332554599640427,1.0,0.8332554599640427,0.8332554599640427,0.0,0.0,0.0,0,0.9710743801652892,0.8580758353671283,0.8332554599639469,9.581224702515101e-14,7,
ID,baseline/UNet,242,Recall,0.8238183108298338,1.0,0.8238183108298338,0.8238183108298338,0.0,0.0,0.0,0,0.9793388429752066,0.8411984439695774,0.8238183108297101,1.2367884494324244e-13,5,
ID,ablation/baseline,242,Recall,0.8196866151741546,1.0,0.8196866151741546,0.8196866151741546,0.0,0.0,0.0,0,0.9752066115702479,0.8405261053903166,0.8196866151740277,1.268984917146554e-13,6,
ID,ablation/egm_only,242,Recall,0.8667173532301783,1.0,0.8667173532301783,0.8667173532301783,0.0,0.0,0.0,0,0.987603305785124,0.8775966505509427,0.8667173532300633,1.1501910535116622e-13,3,
ID,ablation/dpa_only,242,Recall,0.8665306454563165,1.0,0.8665306454563165,0.8665306454563165,0.0,0.0,0.0,0,0.987603305785124,0.8774075991649268,0.8665306454562708,4.574118861455645e-14,3,
ID,ablation/msfa_only,242,Recall,0.8746053836113604,1.0,0.8746053836113604,0.8746053836113604,0.0,0.0,0.0,0,0.9834710743801653,0.8893046337560115,0.8746053836112841,7.627232179174825e-14,4,
ID,ablation/egm_dpa,242,Recall,0.869577505658327,1.0,0.869577505658327,0.869577505658327,0.0,0.0,0.0,0,0.9917355371900827,0.8768239848721002,0.8695775056582813,4.574118861455645e-14,2,
ID,ablation/egm_msfa,242,Recall,0.883171651192262,1.0,0.883171651192262,0.883171651192262,0.0,0.0,0.0,0,0.9917355371900827,0.8905314149521664,0.8831716511922312,3.086420008457935e-14,2,
ID,ablation/dpa_msfa,242,Recall,0.871169791579765,1.0,0.871169791579765,0.871169791579765,0.0,0.0,0.0,0,0.987603305785124,0.8821049772481075,0.8711697915797426,2.2426505097428162e-14,3,
