idx,name,gt_frac,n_cc,main_frac,bbox_fill,circ,d_max,d_min,d_spread,n_det,rescue_gain,dice_baseline,dice_egm_dpa,dice_msfa_only,dice_egm_dpa_msfa,det_baseline,det_egm_dpa,det_msfa_only,det_egm_dpa_msfa,recall_baseline,recall_egm_dpa,recall_msfa_only,recall_egm_dpa_msfa,pred_px_baseline,pred_px_egm_dpa,pred_px_msfa_only,pred_px_egm_dpa_msfa
0,1.npy,0.00893433626033058,1,1.0,0.6376728110599078,0.6164115557322893,0.8495915425999081,9.033423659409734e-10,0.8495915416965657,2,0.8495915416965657,9.033423659409734e-10,0.8347650329283653,9.033423659409734e-10,0.8495915425999081,0,1,0,1,0.0,0.7461607949412827,0.0,0.7985546522131888,0,872,0,974
1,10.npy,0.00877292097107438,1,1.0,0.7455418381344308,0.7477897244937758,0.8436018957963658,0.28719196846863526,0.5564099273277305,4,0.08808685952311779,0.8436018957963658,0.28719196846863526,0.7204237788579024,0.8085106383810202,1,1,1,1,0.9825206991720331,0.8684452621895125,0.563017479300828,0.8564857405703772,1445,5487,612,1216
2,100.npy,0.018683819731404958,1,1.0,0.7630191166776532,0.6671958791486967,4.319654425779847e-10,1.1057054399485066e-10,3.2139489858313404e-10,0,5.707983254138788e-12,4.319654425779847e-10,4.319654425779847e-10,4.262574593238459e-10,1.1057054399485066e-10,0,0,0,0,0.0,0.0,0.0,0.0,0,0,31,6729
3,101.npy,0.015342523243801653,1,1.0,0.7920833333333334,0.686301815687071,5.260389266038721e-10,1.3241525421975431e-10,3.936236723841178e-10,0,0.0,5.260389266038721e-10,5.260389266038721e-10,5.260389266038721e-10,1.3241525421975431e-10,0,0,0,0,0.0,0.0,0.0,0.0,0,0,0,5651
4,102.npy,0.014535446797520661,1,1.0,0.7375102375102375,0.6754076436391543,5.552470846445046e-10,3.648303537523421e-10,1.9041673089216254e-10,0,-9.568826132628714e-11,5.552470846445046e-10,3.648303537523421e-10,5.552470846445046e-10,4.595588233182175e-10,0,0,0,0,0.0,0.0,0.0,0.0,0,940,0,375
5,103.npy,0.018110795454545456,1,1.0,0.7542857142857143,0.6546856801900066,4.4563279837538647e-10,2.6975991360405723e-10,1.7587288477132924e-10,0,-6.345160435701993e-11,4.4563279837538647e-10,3.8138825309634313e-10,4.4483985745336306e-10,2.6975991360405723e-10,0,0,0,0,0.0,0.0,0.0,0.0,0,378,4,1463
6,104.npy,0.014963197314049586,1,1.0,0.7490909090909091,0.6634290299389229,5.393743254911681e-10,5.387931031579778e-10,5.812223331902706e-13,0,5.812223331902706e-13,5.393743254911681e-10,5.393743254911681e-10,5.387931031579778e-10,5.393743254911681e-10,0,0,0,0,0.0,0.0,0.0,0.0,0,0,2,0
7,105.npy,0.07946474690082644,1,1.0,0.7840420449116101,0.8226978391456689,0.8951240689167334,0.8133808655358407,0.08174320338089269,4,0.08174320338089269,0.8335394720077818,0.851483412951861,0.8133808655358407,0.8951240689167334,1,1,1,1,0.9924842575665245,0.9866951046110095,0.9964452569571399,0.9947186674791794,13601,12973,14278,12037
8,106.npy,0.08027182334710743,1,1.0,0.8182640888523242,0.8161920225378353,0.9132054643340598,0.8061770428094124,0.10702842152464742,4,0.10702842152464742,0.8241009882973133,0.844589996604092,0.8061770428094124,0.9132054643340598,1,1,1,1,0.9976875125678665,0.9982907701588578,0.9998994570681681,0.9980896842951941,14136,13566,14726,11795
9,107.npy,0.07797165547520661,1,1.0,0.7865982738967595,0.8317529187009968,0.8504751381281558,0.7661790427823907,0.0842960953457651,4,0.06242811003328508,0.8320745759858411,0.8504751381281558,0.7880470280948707,0.7661790427823907,1,1,1,1,0.9978263119759859,0.9958596418590208,0.9990684194182797,0.9975157851154125,13510,12964,14835,15495
10,108.npy,0.07996513429752067,1,1.0,0.8125307528292602,0.8371006358920359,0.7898038275684285,0.6825610725378335,0.107242755030595,4,0.05327822619396272,0.7898038275684285,0.7750481506318522,0.7217699244378895,0.6825610725378335,1,1,1,1,0.9975777149777957,0.9950545014129996,0.9976786435203876,0.9968712151796528,15121,15533,17483,19033
11,109.npy,0.07839133522727272,1,1.0,0.7966046092020012,0.8271098931350602,0.8766699990967614,0.802870059317205,0.07379993977955634,4,0.07379993977955634,0.8254402462033921,0.8430352066545796,0.802870059317205,0.8766699990967614,1,1,1,1,0.9941315762380315,0.9922783897868835,0.9964995367033872,0.993102028209616,13683,13152,14398,12293
12,11.npy,0.005375129132231405,1,1.0,0.7744186046511627,0.7589351023028922,0.7807288451014646,1.5015014992469946e-09,0.7807288435999631,3,0.6925303982133043,0.7807288451014646,0.04662976235450148,1.5015014992469946e-09,0.6925303997148058,1,1,0,1,0.948948948948949,0.5375375375375375,0.0,0.8978978978978979,953,14689,0,1061
13,110.npy,0.027077414772727272,1,1.0,0.771974229176254,0.8328309505336512,0.9614277489980674,0.8445063997155612,0.11692134928250619,4,0.11692134928250619,0.9512160023095099,0.9584535487653703,0.8445063997155612,0.9614277489980674,1,1,1,1,0.9850968703427719,0.9901639344262295,0.9931445603576751,0.9955290611028316,3594,3577,4536,3593
14,111.npy,0.03225077479338843,1,1.0,0.729064039408867,0.8346681396609886,0.9561937211053548,0.7733777690871028,0.18281595201825207,4,0.18281595201825207,0.8835547616519421,0.9561937211053548,0.7733777690871028,0.8062142273297002,1,1,1,1,0.9902402402402403,0.9832332332332332,0.9872372372372372,0.986986986986987,4961,4222,6206,5788
15,112.npy,0.015891335227272728,1,1.0,0.7276422764227642,0.7985643308302683,0.9423745653396983,0.7777777778226711,0.16459678751702722,4,0.16459678751702722,0.9155950432743523,0.934809348109518,0.7777777778226711,0.9423745653396983,1,1,1,1,0.994413407821229,0.9649568308786186,0.9776536312849162,0.9634332148298629,2308,2096,2981,2057
16,113.npy,0.16192374741735538,1,1.0,0.733296783625731,0.8402463799544433,0.9725963771488353,0.9692963126201142,0.003300064528721114,4,0.0031016673685894114,0.9707483666607912,0.9725963771488353,0.9694947097802459,0.9692963126201142,1,1,1,1,0.9775706524447989,0.9915266909235907,0.9773712804665304,0.9865922344614464,20345,20844,20389,20779
17,114.npy,0.17240767045454544,1,1.0,0.7309495295124038,0.8235044409062636,0.9773181501283449,0.9028564076191702,0.0744617425091747,4,0.007598258861821305,0.9697198912665236,0.9028564076191702,0.9748085263455105,0.9773181501283449,1,1,1,1,0.9602097181911806,0.9854414380675967,0.9890459694785132,0.9843179477577005,20943,25270,21986,21668
18,115.npy,0.16516012396694216,1,1.0,0.7210711768851303,0.7905078550568584,0.9739870418727883,0.9616383180073851,0.0123487238654032,4,0.0123487238654032,0.9616383180073851,0.9739870418727883,0.970366262388292,0.9690120481935178,1,1,1,1,0.9683346364347146,0.9843627834245504,0.9832877247849883,0.9825547302580141,20749,20900,21009,21036
19,116.npy,0.2320264075413223,1,1.0,0.7084175250110887,0.8161754611215825,0.9795645465458672,0.9561227212102068,0.023441825335660416,4,0.023441825335660416,0.9561227212102068,0.9795645465458672,0.9743175688448177,0.9778893435580295,1,1,1,1,0.9349542592785836,0.9937389126578315,0.9863995269400675,0.9891822324254756,27476,29581,29462,29413
20,117.npy,0.16440954287190082,1,1.0,0.7353620677207422,0.8270169940609532,0.9801800920040085,0.9062851486951391,0.07389494330886937,4,0.041898902653758285,0.9382811893502502,0.9062851486951391,0.9723487861919349,0.9801800920040085,1,1,1,1,0.889941583623779,0.9888567080653871,0.9899857640763831,0.983211428010407,18272,24083,21110,20497
21,118.npy,0.15622578770661158,1,1.0,0.733386375691445,0.8345763488363559,0.9799917491754334,0.8891725658607597,0.09081918331467376,4,0.014964179116391363,0.9685735646712065,0.8891725658607597,0.965027570059042,0.9799917491754334,1,1,1,1,0.9704499664204164,0.9895644986309862,0.9900294467117838,0.9817637030531591,19432,23728,20360,19427
22,119.npy,0.18336776859504134,1,1.0,0.7732625416921926,0.8539629839326317,0.9669661791397878,0.9059873824567078,0.06097879668307993,4,0.05687219052733117,0.9059873824567078,0.962859572984039,0.9669661791397878,0.9515244571188523,1,1,1,1,0.8375,0.9716109154929577,0.9733714788732394,0.9546654929577465,19285,23133,23021,22870
23,12.npy,0.00883748708677686,1,1.0,0.7180327868852459,0.6637476926916918,0.6721581549679875,0.0011591041147799711,0.6709990508532075,4,0.23376529757441283,0.43839285739357464,0.0011591041147799711,0.6137500002414062,0.6721581549679875,1,1,1,1,0.4484018264840183,0.015525114155251141,0.4484018264840183,0.9315068493150684,1145,28238,505,1940
24,120.npy,0.19964650051652894,1,1.0,0.7823213156230234,0.8468274364811685,0.9656180515530426,0.9337489926637454,0.03186905888929714,4,0.0048109534722946545,0.9337489926637454,0.9369302171403753,0.9656180515530426,0.9385599461360401,1,1,1,1,0.8899624044952904,0.9140154424546226,0.9480130977887375,0.9016048833730849,22417,23527,23835,22789
25,121.npy,0.010903602789256199,1,1.0,0.567885666246322,0.6374504267789032,0.7954684630142472,0.5010989013730226,0.29436956164122463,4,0.29436956164122463,0.5010989013730226,0.7954684630142472,0.7422334173685324,0.7835484840037381,1,1,1,1,0.3375277572168764,0.9615099925980755,0.9814951887490747,0.9659511472982976,469,1915,2222,1980
26,122.npy,0.009192600723140496,1,1.0,0.5408357075023742,0.6098723916766378,0.8980169972152895,7.215007209801581e-10,0.8980169964937887,2,0.8980169964937887,8.779631247779076e-10,0.8980169972152895,7.215007209801581e-10,0.4147529579577223,0,1,0,1,0.0,0.8349429323968394,0.0,0.26163301141352063,0,979,247,298
27,123.npy,0.005980436466942149,1,1.0,0.5436537050623624,0.6208441075004054,0.2571976972122855,5.913660552386954e-10,0.25719769662091946,2,0.25719769662091946,1.349527663495914e-09,0.15155279608502759,5.913660552386954e-10,0.2571976972122855,0,1,0,1,0.0,0.08232118758434548,0.0,0.27125506072874495,0,64,950,822
28,124.npy,0.0985521048553719,1,1.0,0.819750268528464,0.8468905035067922,0.9819856208101629,0.9756038549951368,0.006381765815026141,4,0.006381765815026141,0.9756038549951368,0.97946645109218,0.978646253022617,0.9819856208101629,1,1,1,1,0.9906641552698386,0.9922201293915323,0.9945950372614856,0.9954958643845713,12588,12529,12609,12547
29,125.npy,0.09789030216942149,1,1.0,0.7999604273842501,0.834692854660919,0.9764210698387307,0.9729157333127147,0.003505336526015923,4,0.003505336526015923,0.9735972250571885,0.9734774066808498,0.9729157333127147,0.9764210698387307,1,1,1,1,0.9835105944430703,0.9804600544150384,0.98474729985984,0.984994640943194,12376,12303,12424,12342
30,126.npy,0.012170712809917356,1,1.0,0.5479651162790697,0.6589586806942582,0.8165188470575059,0.7930378026127175,0.02348104444478838,4,0.02273002711768879,0.7937888199398171,0.8165188470575059,0.7997820757832247,0.7930378026127175,1,1,1,1,0.8474801061007957,0.976790450928382,0.9734748010610079,0.96684350132626,1712,2100,2163,2169
31,127.npy,0.010015818698347107,1,1.0,0.7775689223057645,0.9032562049353363,0.955424063133955,0.91979010497759,0.03563395815636505,4,0.03563395815636505,0.9250470810075152,0.9530309112994657,0.91979010497759,0.955424063133955,1,1,1,1,0.9895245769540693,0.9564867042707494,0.9887187751813054,0.975825946817083,1414,1250,1427,1294
32,128.npy,0.007102272727272727,1,1.0,0.7394957983193278,0.8856748500496295,0.9312398484400434,0.01578354113214933,0.9154563073078941,4,0.9154563073078941,0.01578354113214933,0.8250000000841348,0.3380665241513195,0.9312398484400434,1,1,1,1,0.007954545454545454,0.975,0.9875,0.9772727272727273,7,1200,4261,967
33,129.npy,0.007295971074380165,1,1.0,0.7826839826839826,0.9333044346391977,0.9411129119713059,1.10619468904182e-09,0.9411129108651112,3,0.9411129108651112,1.10619468904182e-09,0.9411129119713059,0.9062341612233988,0.9317098994538328,0,1,1,1,0.0,0.963495575221239,0.9889380530973452,0.9734513274336283,0,947,1069,985
34,13.npy,0.07830255681818182,1,1.0,0.48883962311684387,0.38276842471304157,0.9358664847309821,0.15091463422723755,0.7849518505037445,4,0.7849518505037445,0.15091463422723755,0.9358664847309821,0.5304081088603355,0.20288795474292742,1,1,1,1,0.08163265306122448,0.9189857761286333,0.40991548134405276,0.11440940012368583,794,9352,5294,1240
35,130.npy,0.009426652892561983,1,1.0,0.7891891891891892,0.8994936565277383,0.9448885149579771,0.8811349693707304,0.06375354558724666,4,0.04237549764879034,0.9448885149579771,0.9235104670195208,0.8811349693707304,0.9154030327552263,1,1,1,1,0.961472602739726,0.9820205479452054,0.9837328767123288,0.9820205479452054,1209,1316,1440,1338
36,131.npy,0.009596138946280992,1,1.0,0.7822368421052631,0.8957231331259852,0.9651496515108038,0.9090214067626065,0.05612824474819733,4,0.05612824474819733,0.9135612754846095,0.9651496515108038,0.9090214067626065,0.9544905356606965,1,1,1,1,1.0,0.9899074852817493,1.0,0.9966358284272497,1414,1250,1427,1294
37,132.npy,0.0073121126033057855,1,1.0,0.761344537815126,0.9214787127129106,0.9264705882739125,0.24418604724400575,0.6822845410299068,4,0.6822845410299068,0.24418604724400575,0.9264705882739125,0.8931942375095906,0.9188911704728485,1,1,1,1,0.1390728476821192,0.9735099337748344,0.9922737306843267,0.9878587196467992,126,998,1107,1042
38,133.npy,0.024898308367768594,1,1.0,0.7376853180296509,0.7772118673733652,0.970381279664477,0.9523047375236388,0.018076542140838203,4,0.015437197965435079,0.9523047375236388,0.9619354838771071,0.970381279664477,0.9677419354890738,1,1,1,1,0.9643435980551054,0.966612641815235,0.9611021069692058,0.9724473257698542,3163,3115,3026,3115
39,134.npy,0.01958774535123967,1,1.0,0.73301117487164,0.7472605456568789,0.9802874743366966,0.6714721375559368,0.3088153367807598,4,0.3088153367807598,0.6714721375559368,0.8728798103460004,0.9676488769899755,0.9802874743366966,1,1,1,1,0.9979398434281005,0.9859909353110836,0.9674495261639885,0.9835187474248043,4787,3056,2426,2443
40,135.npy,0.00780442923553719,1,1.0,0.666896551724138,0.7064331733152658,0.9216634429779191,1.0341261623225169e-09,0.921663441943793,2,0.921663441943793,1.0341261623225169e-09,0.8752860412612781,1.0341261623225169e-09,0.9216634429779191,0,1,0,1,0.0,0.7911065149948294,0.0,0.9855222337125129,0,781,0,1101
41,136.npy,0.03480113636363636,1,1.0,0.7600916622598273,0.8157981193930708,0.9714220911803786,0.9567152553736825,0.014706835806696072,4,0.014706835806696072,0.9608127721379018,0.9714220911803786,0.9567152553736825,0.9636098981117893,1,1,1,1,0.99791280148423,0.9932745825602969,0.9969851576994434,0.99791280148423,4645,4506,4675,4619
42,137.npy,0.020088132747933883,1,1.0,0.680984952120383,0.6693571335541959,0.963128038905363,0.6536260812170823,0.3095019576882807,4,0.3095019576882807,0.6536260812170823,0.8753334519161776,0.9523217247196679,0.963128038905363,1,1,1,1,0.9867416633186018,0.9887505022097228,0.9228605865809562,0.9550020088388911,5026,3134,2335,2447
43,138.npy,0.009184529958677686,1,1.0,0.7134796238244514,0.7421697013428713,0.9510797708457118,8.787346213719378e-10,0.9510797699669772,2,0.9510797699669772,8.787346213719378e-10,0.5249513936973743,8.787346213719378e-10,0.9510797708457118,0,1,0,1,0.0,0.35588752196836554,0.0,0.9481546572934973,0,405,0,1131
44,139.npy,0.013849431818181818,1,1.0,0.5680238331678252,0.7041677435603398,0.9480362537921341,4.397537377133889e-10,0.9480362533523803,2,0.9480362533523803,5.827505824109844e-10,0.9408536585546178,4.397537377133889e-10,0.9480362537921341,0,1,0,1,0.0,0.8991841491841492,0.0,0.9143356643356644,0,1564,558,1594
45,14.npy,0.08964198088842976,1,1.0,0.4621177449552736,0.3517390979043105,0.944313289823436,0.030793735153456,0.91351955466998,4,0.91351955466998,0.030793735153456,0.944313289823436,0.6294767512668765,0.7352521147020075,1,1,1,1,0.015665796344647518,0.9183397857207166,0.46682272440803096,0.6025929593949761,194,10496,5367,7099
46,140.npy,0.009943181818181818,1,1.0,0.616,0.7612364345698539,0.9506618532087197,8.116883110294737e-10,0.9506618523970314,3,0.9506618523970314,8.116883110294737e-10,0.5790080740605489,0.2784380309686259,0.9506618532087197,0,1,1,1,0.0,0.4074675324675325,0.19967532467532467,0.9618506493506493,0,502,535,1261
47,141.npy,0.007521952479338843,1,1.0,0.5537730243612596,0.6567632761281268,0.07636739001406874,1.0729613722393118e-09,0.07636738894110737,1,0.07636738894110737,1.0729613722393118e-09,1.0729613722393118e-09,1.0729613722393118e-09,0.07636739001406874,0,0,0,1,0.0,0.0,0.0,0.03969957081545064,0,0,0,37
48,142.npy,0.012929364669421487,1,1.0,0.5902726602800294,0.713916558620024,0.9421737814283458,6.242197249536705e-10,0.9421737808041262,3,0.9421737808041262,6.242197249536705e-10,0.49755730947104204,0.9247376312069753,0.9421737814283458,0,1,1,1,0.0,0.4132334581772784,0.9625468164794008,0.9712858926342073,0,1059,1733,1701
49,143.npy,0.01576220299586777,1,1.0,0.5740740740740741,0.700045116281226,0.524924471478503,5.120327698351087e-10,0.5249244709664702,1,0.5249244709664702,5.120327698351087e-10,0.524924471478503,5.120327698351087e-10,5.120327698351087e-10,0,1,0,0,0.0,0.35586277521761395,0.0,0.0,0,695,0,0
50,144.npy,0.013276407541322314,1,1.0,0.5641289437585734,0.707815204274146,0.9619937694822449,6.079027351927642e-10,0.9619937688743422,2,0.9619937688743422,6.079027351927642e-10,0.9619937694822449,6.079027351927642e-10,0.9117938553314193,0,1,0,1,0.0,0.9386018237082067,0.0,0.8389057750759878,0,1565,0,1382
51,145.npy,0.01769111570247934,1,1.0,0.5998905309250137,0.7403055128402097,0.8392904421924039,4.562043793539214e-10,0.8392904417361995,3,0.8392904417361995,4.562043793539214e-10,0.8392904421924039,0.027890238853850544,0.7818838566874454,0,1,1,1,0.0,0.7230839416058394,0.014142335766423358,0.6418795620437956,0,1585,31,1407
52,146.npy,0.00786092458677686,1,1.0,0.5729411764705883,0.6744733339591066,0.06326034120239638,1.0266940441204374e-09,0.06326034017570233,1,0.06326034017570233,1.0266940441204374e-09,1.0266940441204374e-09,1.0266940441204374e-09,0.06326034120239638,0,0,0,1,0.0,0.0,0.0,0.053388090349075976,0,0,0,670
53,147.npy,0.016085033574380167,1,1.0,0.7595274390243902,0.8073757310097808,0.9555164614336475,0.8166189112273298,0.13889755020631778,4,0.10221563614029916,0.8166189112273298,0.9188345473676289,0.9555164614336475,0.9117442668724242,1,1,1,1,0.7150025087807326,0.8861013547415956,0.9538384345208228,0.9874560963371801,1497,1851,1986,2324
54,148.npy,0.01771532799586777,1,1.0,0.5924426450742241,0.7439632685598401,0.8288514702616608,4.555808653960907e-10,0.8288514698060799,1,0.8288514698060799,4.555808653960907e-10,0.8288514702616608,4.555808653960907e-10,4.555808653960907e-10,0,1,0,0,0.0,0.75125284738041,0.0,0.0,0,1784,0,0
55,149.npy,0.011839811466942149,1,1.0,0.7761904761904762,0.7119750910852295,0.9345670852826943,6.816632578857101e-10,0.934567084601031,3,0.934567084601031,6.816632578857101e-10,0.9345670852826943,0.31940469415031214,0.8121457490639087,0,1,1,1,0.0,0.9638718473074301,0.1901840490797546,0.6837082481254261,0,1559,280,1003
56,15.npy,0.09770467458677685,1,1.0,0.43656689505950236,0.40933471533483834,0.9000408997995893,0.03903782303077364,0.8610030767688157,4,0.8610030767688157,0.03903782303077364,0.9000408997995893,0.6234120277180409,0.8902923585306666,1,1,1,1,0.01990748389228482,0.9088881546340658,0.4722451676854452,0.8791508342970428,241,12344,6235,11803
57,150.npy,0.04201639979338843,1,1.0,0.7312824834948729,0.7414709873021844,0.9340659340722898,1.919017462690651e-10,0.934065933880388,3,0.934065933880388,1.919017462690651e-10,0.9058503675454788,0.8903978779957138,0.9340659340722898,0,1,1,1,0.0,0.8640030733768729,0.8059930849020361,0.9306569343065694,5,4725,4219,5168
58,151.npy,0.010088455578512397,1,1.0,0.6175889328063241,0.7356504075257804,0.5685048325363815,3.785011353601434e-10,0.5685048321578804,1,0.5685048321578804,7.999999993599998e-10,0.5685048325363815,3.785011353601434e-10,7.999999993599998e-10,0,1,0,0,0.0,0.4,0.0,0.0,0,509,1392,0
59,152.npy,0.011638042355371902,1,1.0,0.5301470588235294,0.45779680112948096,0.1373769105819261,6.934812755246315e-10,0.13737690988844484,2,0.13737690988844484,6.934812755246315e-10,0.01650619049758859,6.934812755246315e-10,0.1373769105819261,0,1,0,1,0.0,0.008321775312066574,0.0,0.7884882108183079,0,12,0,15111
60,153.npy,0.02062887396694215,1,1.0,0.7562130177514793,0.8666936816058962,0.9401773919720368,0.7955296710537495,0.14464772091828726,4,0.14464772091828726,0.7955296710537495,0.8483428189072074,0.8928445541253358,0.9401773919720368,1,1,1,1,0.9886541471048513,0.9913928012519562,0.991001564945227,0.9745696400625978,3797,3418,3118,2743
61,154.npy,0.009362086776859504,1,1.0,0.7099143206854345,0.8032741965016055,0.08352008750568352,1.6010246555233707e-10,0.08352008734558106,3,0.004278181164925981,0.08352008750568352,0.004278181325028446,1.6010246555233707e-10,0.0013066202815543975,1,1,0,1,0.6586206896551724,0.03706896551724138,0.0,0.007758620689655172,17135,18942,5086,12616
62,155.npy,0.016270661157024795,1,1.0,0.8067226890756303,0.9051631634010474,0.9347028613512588,0.5909235164738421,0.3437793448774167,4,0.3437793448774167,0.5909235164738421,0.9347028613512588,0.7513332017082098,0.8780705672447363,1,1,1,1,0.4618055555555556,0.9479166666666666,0.9434523809523809,0.9751984126984127,1135,2073,3047,2462
63,156.npy,0.007933561466942149,1,1.0,0.6927413671599718,0.7623084009369951,1.185255422403075e-10,6.821747731303516e-11,5.0308064927272335e-11,0,-1.25983720673095e-11,8.303578841791614e-11,6.821747731303516e-11,1.185255422403075e-10,7.043741635060664e-11,0,0,0,0,0.0,0.0,0.0,0.0,11060,13676,7454,13214
64,157.npy,0.00986247417355372,1,1.0,0.7478580171358629,0.8861513453338687,0.11926425351055416,7.510326698647366e-11,0.11926425343545088,2,0.00017218364414758492,0.11926425351055416,0.00017218376306778944,1.189202045286098e-10,7.510326698647366e-11,1,1,0,0,0.7454991816693944,0.0016366612111292963,0.0,0.0,14055,22009,7187,12093
65,158.npy,0.01167032541322314,1,1.0,0.7642706131078224,0.8735639004718733,0.7185093168401219,5.767012684102068e-10,0.7185093162634206,2,0.7185093162634206,6.915629317485732e-10,0.2494061762176923,5.767012684102068e-10,0.7185093168401219,0,1,0,1,0.0,0.14522821576763487,0.0,1.0,0,238,288,2579
66,159.npy,0.05136234504132232,1,1.0,0.6288537549407115,0.7324395243756657,0.961661591320242,0.6179385281141939,0.34372306320604806,4,0.3222338149354431,0.6179385281141939,0.9295937784454709,0.961661591320242,0.940172343049637,1,1,1,1,0.9651162790697675,0.8827781269641735,0.9676304211187932,0.9000628535512256,13515,5723,6443,5821
67,16.npy,0.09360472623966942,1,1.0,0.4771465010079401,0.42387964638818265,0.8154660805367436,0.24696019943758324,0.5685058810991603,4,0.5685058810991603,0.24696019943758324,0.8129599446924008,0.39683304651312684,0.8154660805367436,1,1,1,1,0.14097258147956543,0.7096051043283325,0.2484911191584756,0.7037420244869805,1643,8649,2927,8420
68,160.npy,0.04894918646694215,1,1.0,0.6357442348008385,0.7173701826974282,0.9322020070219301,0.6623330991062115,0.2698689079157186,4,0.24522283167407077,0.6623330991062115,0.9075559307802823,0.9322020070219301,0.7937500000174198,1,1,1,1,0.93239901071723,0.886232481450948,0.941962077493817,0.7747732893652102,11011,5780,6192,5775
69,161.npy,0.03477692407024793,1,1.0,0.5918956043956044,0.7130878024023481,0.4590825688404231,0.15413481590311778,0.3049477529373053,4,0.26720010235618197,0.3591127493346204,0.4590825688404231,0.1918824664842411,0.15413481590311778,1,1,1,1,0.6330935251798561,0.8709677419354839,0.30006962172197726,0.25736829890925966,10884,12041,9168,10081
70,162.npy,0.052016076962809916,1,1.0,0.6523939670007086,0.7611830137671212,0.9652503676212948,0.6621011838582523,0.30314918376304245,4,0.2723773437544692,0.6621011838582523,0.9007292012014643,0.9652503676212948,0.9344785276127215,1,1,1,1,0.9675717610550815,0.843289371605896,0.9675717610550815,0.8862684251357642,12392,5623,6476,5780
71,163.npy,0.0518385201446281,1,1.0,0.6524786672084518,0.7901696266683126,0.878431372559163,0.4030014069561512,0.4754299656030118,4,0.21133437118994158,0.6670970013692215,0.878431372559163,0.8663507109119905,0.4030014069561512,1,1,1,1,0.8849447298770046,0.8195547252062899,0.7826560797135295,0.40137007628833876,10618,5562,5182,6371
72,164.npy,0.04157250774793388,1,1.0,0.6435532233883059,0.7719937983812525,0.8943317005004167,0.20094461147839238,0.6933870890220243,4,0.6037983671197855,0.6081064123724366,0.8943317005004167,0.29053333338063114,0.20094461147839238,1,1,1,1,0.9407881964667055,0.8683750728013978,0.42302465540671713,0.2725684333139196,10787,4852,9849,8823
73,165.npy,0.012824444731404958,1,1.0,0.6587893864013267,0.6739790661745874,0.9309417040565197,0.9036697247982598,0.02727197925825986,4,0.02727197925825986,0.9036697247982598,0.9309417040565197,0.9156626506271929,0.914108527158416,1,1,1,1,0.9918187539332913,0.9798615481434865,0.9804908747640025,0.9276274386406544,1899,1756,1814,1636
74,166.npy,0.02332450929752066,1,1.0,0.7316455696202532,0.783187918331381,0.9697802197854086,0.9312581063665275,0.03852211341888112,4,0.03092821196241946,0.9312581063665275,0.9562702058947984,0.9697802197854086,0.962186318328947,1,1,1,1,0.9937716262975779,0.972318339100346,0.9771626297577855,0.9685121107266436,3278,2987,2934,2928
75,167.npy,0.02523728047520661,1,1.0,0.6973684210526315,0.8096076873993068,0.9734735520368115,0.8887619591762442,0.08471159286056729,4,0.07519080652233368,0.8887619591762442,0.942066253223103,0.9734735520368115,0.9639527656985779,1,1,1,1,0.9952030700351775,0.9958426606971538,0.9916853213943077,0.9920051167252958,3876,3484,3244,3309
76,168.npy,0.01368801652892562,1,1.0,0.6794871794871795,0.7144919487488253,0.9568221070936033,0.9158059468182141,0.041016160275389124,4,0.005480897670668394,0.9248203427515699,0.9303012404222383,0.9568221070936033,0.9158059468182141,1,1,1,1,0.9864386792452831,0.9286556603773585,0.9799528301886793,0.8626179245283019,1922,1690,1778,1499
77,169.npy,0.0061822055785123965,1,1.0,0.5803030303030303,0.7422095820899941,0.9202988792526159,1.3054830270163407e-09,0.9202988779471328,3,0.9202988779471328,1.3054830270163407e-09,0.8790436006476486,0.8977719528848153,0.9202988792526159,0,1,1,1,0.0,0.8159268929503917,0.8942558746736292,0.9647519582245431,0,656,760,840
78,17.npy,0.08255584969008264,1,1.0,0.5096153846153846,0.4745074115241696,0.9347685897150271,0.46840700092936766,0.4663615887856594,4,0.4663615887856594,0.46840700092936766,0.9347685897150271,0.8762626262688756,0.8911053143117433,1,1,1,1,0.3087300811418516,0.9211066575422817,0.8480789911037248,0.8515983967152214,3255,9930,9571,9322
79,170.npy,0.005471978305785124,1,1.0,0.5994694960212201,0.7306859392707613,0.8541033435759093,1.4749262515119081e-09,0.854103342100983,3,0.8316326516936754,1.4749262515119081e-09,0.7786442712785577,0.8541033435759093,0.8316326531686017,0,1,1,1,0.0,0.9572271386430679,0.8289085545722714,0.9616519174041298,0,989,638,890
80,171.npy,0.09722042871900827,1,1.0,0.7301933684912408,0.8164953710700512,0.9556357801862962,0.7680659382898186,0.18756984189647763,4,0.18756984189647763,0.7680659382898186,0.9546247110841156,0.9445667400462451,0.9556357801862962,1,1,1,1,0.6652830815208368,0.977170845093807,0.979578283247551,0.9888759754275278,8822,12615,12939,12884
81,172.npy,0.12629132231404958,1,1.0,0.7202430267881801,0.8351164706415505,0.9591559528711137,0.763910145648879,0.1952458072222346,4,0.1559288031250975,0.7964990689088827,0.763910145648879,0.9591559528711137,0.9524278720339802,1,1,1,1,0.6833461145194274,0.9888164621676891,0.970219836400818,0.9883691206543967,11202,24862,16009,16829
82,173.npy,0.15353822314049587,1,1.0,0.7064765300059418,0.8331346790530777,0.9189014016063383,0.7195909236267308,0.19931047797960744,4,0.19931047797960744,0.7195909236267308,0.8878206919711636,0.9023670227067155,0.9189014016063383,1,1,1,1,0.5917788057190917,0.8349453322119428,0.8837258200168209,0.8942914213624895,12266,16758,18238,18005
83,174.npy,0.07851239669421488,1,1.0,0.7336349924585218,0.8296891387975183,0.9173605429120008,0.8981663731535188,0.019194169758481983,4,0.019194169758481983,0.8981663731535188,0.9173605429120008,0.9094576843727971,0.9170875822016065,1,1,1,1,0.8912417763157895,0.9796463815789473,0.9964021381578947,0.9892064144736842,9578,11049,11588,11258
84,175.npy,0.11903570506198347,1,1.0,0.752538394816062,0.8364715326633072,0.9495415826793179,0.7427734720218431,0.2067681106574748,4,0.1253366391094538,0.8061346383643738,0.7427734720218431,0.9495415826793179,0.9314712774738276,1,1,1,1,0.7092006237711032,0.9974235541392636,0.9901010237982236,0.9971523493118177,11202,24862,16009,16829
85,176.npy,0.12116638688016529,1,1.0,0.7446924603174603,0.848816706534183,0.953776560162028,0.7729721166122873,0.1808044435497408,4,0.1808044435497408,0.7729721166122873,0.9504203561055391,0.9427301667367627,0.953776560162028,1,1,1,1,0.6499700259774862,0.9902084859788184,0.996136681542663,0.997135815626457,10235,16270,16714,16378
86,177.npy,0.24607760847107438,1,1.0,0.6050323451204509,0.730708051172106,0.9637247948126503,0.8203534961293434,0.1433712986833069,4,0.1433712986833069,0.8203534961293434,0.8979977198251033,0.9618828855827111,0.9637247948126503,1,1,1,1,0.7101344703181371,0.8266644801574287,0.9476549688422433,0.9358150213184651,22297,25646,29588,28724
87,178.npy,0.19876678719008264,1,1.0,0.6755540926047838,0.7174163924876915,0.9404831809424443,0.5394242433344352,0.40105893760800915,4,0.40105893760800915,0.5394242433344352,0.9404831809424443,0.8845885869713306,0.9273311338789866,1,1,1,1,0.3701477992528829,0.9104677602728601,0.7990498619457528,0.8673867143089167,9171,23056,19865,21444
88,179.npy,0.25793356146694213,1,1.0,0.8244717901091246,0.7402327453730938,0.9857025574300896,0.8910503161965382,0.09465224123355143,4,0.09465224123355143,0.8910503161965382,0.985352200280122,0.983234483725101,0.9857025574300896,1,1,1,1,0.811226884445696,0.9913952251322007,0.9881723458180794,0.9955568071591727,26233,32351,32280,32598
89,18.npy,0.06571216425619834,1,1.0,0.4637466537563365,0.4172287775244738,0.9028544015409657,0.006365528338062733,0.896488873202903,4,0.896488873202903,0.006365528338062733,0.9028544015409657,0.8772211395232591,0.19579180518319028,1,1,1,1,0.0031933185949398184,0.9245885531810366,0.9398182264799804,0.10857283222795382,27,8534,9304,888
90,180.npy,0.23377776342975207,1,1.0,0.7674739017540141,0.7918094998075831,0.9552430809920627,0.9063022866721268,0.04894079431993592,4,0.01037142497460486,0.9448716560174578,0.9552430809920627,0.9499879778801569,0.9063022866721268,1,1,1,1,0.9035420838224125,0.9228750949388939,0.9548090865152248,0.8415038320789892,26432,27003,29260,24824
91,181.npy,0.2839294938016529,1,1.0,0.7427895781428149,0.8354028735309826,0.9404758386295187,0.5718240121723265,0.3686518264571922,4,0.3686518264571922,0.5718240121723265,0.937450093160312,0.9363398063454723,0.9404758386295187,1,1,1,1,0.41691301876065945,0.951080159181353,0.9950540079590676,0.904519613416714,16119,36203,39592,32490
92,182.npy,0.2903618930785124,1,1.0,0.7534450261780105,0.7864470512584185,0.9820707210450159,0.9381996403929849,0.04387108065203105,4,0.003242411260238165,0.9743745596710222,0.9776169709312603,0.9820707210450159,0.9381996403929849,1,1,1,1,0.9802651694137922,0.987603190927537,0.9865747560941712,0.8992133863301554,36412,36712,36307,32987
93,183.npy,0.019950929752066117,1,1.0,0.7477313974591652,0.896303653088762,0.9022885572333754,0.5834718594652729,0.3188166977681025,4,-0.1272627709827766,0.9022885572333754,0.5834718594652729,0.7322633868708169,0.6050006158880403,1,1,1,1,0.9170711974110033,0.9939320388349514,0.9874595469255664,0.9935275080906149,2553,5950,4195,5647
94,184.npy,0.022727272727272728,1,1.0,0.7857142857142857,0.8980059107934272,0.935531135542943,0.8467432950436233,0.08878784049931965,4,0.08878784049931965,0.8467432950436233,0.9178676853763036,0.897572731985269,0.935531135542943,1,1,1,1,0.9417613636363636,0.9385653409090909,0.92578125,0.9069602272727273,3448,2943,2993,2644
95,185.npy,0.02071765237603306,1,1.0,0.7255511588468061,0.8929492824006465,0.8981779207041483,0.8747657182016075,0.023412202502540724,4,0.023412202502540724,0.8747657182016075,0.8834205933885828,0.8847318724595169,0.8981779207041483,1,1,1,1,1.0,0.9859758472925594,0.9672769770159719,0.9793533307362681,3302,3163,3046,3031
96,186.npy,0.01982179752066116,1,1.0,0.7433414043583535,0.8905023349457927,0.9211476344440153,0.8534012368400508,0.0677463976039645,4,0.0677463976039645,0.8534012368400508,0.8999039385398839,0.8823743627308132,0.9211476344440153,1,1,1,1,0.9552117263843648,0.9535830618892508,0.9865635179153095,0.9869706840390879,3042,2749,3036,2807
97,187.npy,0.019184207128099172,1,1.0,0.8019568151147098,0.9039377246871563,0.9143407122397804,0.7553225294319476,0.15901818280783286,4,-0.12729022532735668,0.9143407122397804,0.7553225294319476,0.9042145594053229,0.7769243340779662,1,1,1,1,0.9991586032814472,1.0,0.9928481278923013,1.0,2818,3917,2843,3742
98,188.npy,0.021758780991735536,1,1.0,0.7892271662763466,0.8977007112509257,0.9033747779922958,0.6091094493984693,0.2942653285938265,4,-0.06092909074973185,0.8412670324117383,0.7803379416620064,0.9033747779922958,0.6091094493984693,1,1,1,1,0.8816765578635015,0.9421364985163204,0.9432492581602374,0.9970326409495549,2955,3814,2934,6130
99,189.npy,0.02532605888429752,1,1.0,0.7263888888888889,0.8632981499225705,0.9388560157883696,0.5921935545229947,0.3466624612653749,4,0.3466624612653749,0.5921935545229947,0.592284417587719,0.7064385412307026,0.9388560157883696,1,1,1,1,0.9984066284257489,0.9980879541108987,1.0,0.9859783301465902,7443,7438,5746,3453
100,19.npy,0.022097753099173553,1,1.0,0.7313034188034188,0.8075796557632146,0.6620720320893569,3.6523009482643166e-10,0.6620720317241269,3,0.4694029847588928,0.6620720320893569,0.018096272523309347,3.6523009482643166e-10,0.4694029851241229,1,1,0,1,0.543827611395179,0.009130752373995616,0.0,0.918918918918919,1760,25,0,7982
101,190.npy,0.04116089876033058,1,1.0,0.7405256279947727,0.8356433901901247,0.8596713021610054,0.4206879485514853,0.4389833536095201,4,0.4389833536095201,0.4206879485514853,0.7135558821671526,0.7736650485608567,0.8596713021610054,1,1,1,1,1.0,0.9996078431372549,1.0,1.0,19146,9189,8084,6765
102,191.npy,0.001073411673553719,1,1.0,0.7388888888888889,0.7768024340810712,7.518796935948895e-09,4.3140638462838377e-10,7.087390551320511e-09,0,7.087390551320511e-09,7.518796935948895e-09,7.587253408507394e-10,4.3140638462838377e-10,7.518796935948895e-09,0,0,0,0,0.0,0.0,0.0,0.0,0,1185,2185,0
103,192.npy,0.0013074638429752066,1,1.0,0.7714285714285715,0.8405462481660753,6.172839468068892e-09,3.5285815089877975e-10,5.819981317170112e-09,0,5.819981317170112e-09,1.1376564264645546e-09,6.172839468068892e-09,3.5285815089877975e-10,6.172839468068892e-09,0,0,0,0,0.0,0.0,0.0,0.0,717,0,2672,0
104,193.npy,0.0011056947314049587,1,1.0,0.7611111111111111,0.7428134032596517,7.299270019713357e-09,2.7085590458535865e-10,7.028414115127998e-09,0,7.028414115127998e-09,7.451564823061426e-10,7.299270019713357e-09,2.7085590458535865e-10,3.797949106039518e-10,0,0,0,0,0.0,0.0,0.0,0.0,1205,0,3555,2496
105,194.npy,0.0019450542355371901,1,1.0,0.8033333333333333,0.8239270869437334,3.1766200752297904e-10,2.4715768654296644e-10,7.05043209800126e-11,0,7.05043209800126e-11,2.4715768654296644e-10,3.1249999990234374e-10,2.5793139018366485e-10,3.1766200752297904e-10,0,0,0,0,0.0,0.0,0.0,0.0,3805,2959,3636,2907
106,195.npy,0.0011541193181818182,1,1.0,0.680952380952381,0.7785928847557623,6.993006944104847e-09,3.598416695358612e-10,6.633165274568985e-09,0,6.633165274568985e-09,6.80272104215836e-09,6.993006944104847e-09,3.598416695358612e-10,6.993006944104847e-09,0,0,0,0,0.0,0.0,0.0,0.0,4,0,2636,0
107,196.npy,0.0012913223140495868,1,1.0,0.8080808080808081,0.7920109436239591,5.571030637564885e-10,2.5766555004955797e-10,2.9943751370693053e-10,0,2.104992437387544e-10,5.571030637564885e-10,2.7746947828039137e-10,2.5766555004955797e-10,4.681647937883124e-10,0,0,0,0,0.0,0.0,0.0,0.0,1635,3444,3721,1976
108,2.npy,0.008950477789256199,1,1.0,0.6269078575466365,0.620356023012226,0.8744512731016457,9.017132543717643e-10,0.8744512721999325,2,0.8744512721999325,9.017132543717643e-10,0.8744512731016457,9.017132543717643e-10,0.8659793815033711,0,1,0,1,0.0,0.8981064021641119,0.0,0.8710550045085663,0,1169,0,1122
109,20.npy,0.015382877066115703,1,1.0,0.725542443852303,0.7607405426393524,0.2111684658793203,5.246589713931484e-10,0.21116846535466133,3,0.21116846535466133,0.1808168888568991,0.2111684658793203,5.246589713931484e-10,0.0847644557925375,1,1,0,1,0.10335781741867786,0.1180482686253935,0.0,0.14113326337880377,273,225,0,4441
110,21.npy,0.0418307722107438,1,1.0,0.7371639880529085,0.7809350756781079,0.9656409288308816,0.9268730372429903,0.03876789158789129,4,0.03876789158789129,0.9515386032843617,0.9656409288308816,0.9268730372429903,0.9560848529999921,1,1,1,1,0.9963341693999614,0.9868801852209145,0.996527107852595,0.9913177696314875,5671,5411,5962,5565
111,22.npy,0.016343298037190084,1,1.0,0.7053291536050157,0.6163178721098558,0.20000000035555557,4.938271602499619e-10,0.1999999998617284,3,0.1999999998617284,0.17058311611375845,0.20000000035555557,4.938271602499619e-10,0.08134859278049048,1,1,0,1,0.09679012345679013,0.1111111111111111,0.0,0.12987654320987654,273,225,0,4441
112,23.npy,0.004261363636363636,1,1.0,0.7857142857142857,0.8812701828578413,1.858736056024654e-09,3.556187765449435e-10,1.5031172794797106e-09,0,6.637492142610014e-10,1.858736056024654e-09,1.019367990805945e-09,3.556187765449435e-10,6.565988176910052e-10,0,0,0,0,0.0,0.0,0.0,0.0,10,453,2284,995
113,24.npy,0.00397888688016529,1,1.0,0.7572964669738863,0.8741784329642923,2.028397561808524e-09,1.0939722129861094e-10,1.9190003405099134e-09,0,7.923036201967739e-10,1.811594199616677e-09,2.028397561808524e-09,1.2360939416117502e-09,1.0939722129861094e-10,0,0,0,0,0.0,0.0,0.0,0.0,59,0,316,8648
114,25.npy,0.04315437758264463,1,1.0,0.5424021099614527,0.6370159980737323,0.8736242884370375,1.6863406405250688e-10,0.8736242882684034,3,0.8736242882684034,1.6863406405250688e-10,0.47244872747850514,0.350412154570033,0.8736242884370375,0,1,1,1,0.0,0.8939592294744717,0.40546100617168507,0.8610435758369179,583,14888,7027,5193
115,26.npy,0.04143530475206612,1,1.0,0.52016210739615,0.6343156264709159,0.7267669483075657,1.929384525963846e-10,0.7267669481146273,3,0.7267669481146273,1.929384525963846e-10,0.4410286044818822,0.37281487171716426,0.7267669483075657,0,1,1,1,0.0,0.7432800934943514,0.42578885858979354,0.6869887027658745,49,12171,6593,4572
116,27.npy,0.043614411157024795,1,1.0,0.5071321321321322,0.6290053927692354,0.8657250845568206,1.8504811247500957e-10,0.8657250843717725,3,0.8657250843717725,1.8504811247500957e-10,0.8281725622097016,0.8448100751731861,0.8657250845568206,0,1,1,1,0.0,0.7300148038490007,0.7696150999259808,0.8053293856402665,0,4123,4442,4650
117,28.npy,0.04628583419421488,1,1.0,0.5855625893404125,0.6832404617454376,0.7741085899742597,1.74367916272996e-10,0.7741085897998917,3,0.6420473676760055,1.74367916272996e-10,0.43883475018459284,0.7741085899742597,0.6420473678503734,0,1,1,1,0.0,0.7380993897122929,0.6662598081952921,0.997384481255449,0,13557,4137,12083
118,29.npy,0.04156443698347107,1,1.0,0.5389848246991105,0.6654751387191075,0.6400669643191902,1.7256255389602025e-10,0.6400669641466277,3,0.6173228344962853,1.7256255389602025e-10,0.36874131573145796,0.6400669643191902,0.6173228346688479,0,1,1,1,0.0,0.7471844660194175,0.6681553398058252,0.9895145631067961,645,15721,5602,11360
119,3.npy,0.008248321280991736,1,1.0,0.6339950372208437,0.5958576074859975,0.4056162251126238,9.784735802558967e-10,0.4056162241341502,2,0.4056162241341502,9.784735802558967e-10,0.3163097204972737,9.784735802558967e-10,0.4056162251126238,0,1,0,1,0.0,0.18786692759295498,0.0,0.25440313111545987,0,192,0,260
120,30.npy,0.041193181818181816,1,1.0,0.5129132750477339,0.6329320578417834,0.851774530284853,1.9124115506000358e-10,0.8517745300936118,3,0.7379093344156917,1.9124115506000358e-10,0.6539393494636949,0.851774530284853,0.7379093346069329,0,1,1,1,0.0,0.8724529780564263,0.9192789968652038,0.6202978056426333,125,8515,5913,3477
121,31.npy,0.033106275826446284,1,1.0,0.523882503192848,0.6533901055787183,0.915494710651463,2.2706630330902216e-10,0.9154947104243968,2,0.9154947104243968,2.437835201746017e-10,0.915494710651463,2.2706630330902216e-10,0.038235787516646684,0,1,0,1,0.0,0.8966357874207703,0.0,0.02779132130667967,0,3933,302,1861
122,32.npy,0.06907767303719008,1,1.0,0.6479672950261186,0.7738172281631441,0.7968899065160804,0.09311504172685901,0.7037748647892214,4,0.5506088797353114,0.09311504172685901,0.6437239214621704,0.7968899065160804,0.4475136676489703,1,1,1,1,0.07442458231101765,0.9823577520738404,0.975931767729875,0.9994158196050941,5123,17564,12405,29670
123,33.npy,0.06316180268595041,1,1.0,0.6198320925075241,0.7568311194471949,0.9411192805528882,0.5680570801712352,0.37306220038165294,4,0.34009433646205833,0.5680570801712352,0.8229347654492216,0.9411192805528882,0.9081514166332936,1,1,1,1,0.39675440838231535,0.998594428826987,0.9895221058011756,0.9993611040122669,3106,11167,8631,9398
124,34.npy,0.0857760847107438,1,1.0,0.6488400488400489,0.7694613050848453,0.9536252026891997,9.409108015674716e-11,0.9536252025951086,3,0.9336563045785121,9.409108015674716e-11,0.9336563046726032,0.9536252026891997,0.8628248403813565,0,1,1,1,0.0,0.9792058712834023,0.9683853970643583,0.998118178396688,0,11665,10957,13961
125,35.npy,0.04397759555785124,1,1.0,0.6115600448933782,0.6938323524614232,0.9448962807324411,1.835199118767627e-10,0.9448962805489213,3,0.7672583824758731,1.835199118767627e-10,0.589907786937768,0.9448962807324411,0.767258382659393,0,1,1,1,0.0,0.4226463571297486,0.9487979445769866,0.9994494402642686,0,2359,5494,8747
126,36.npy,0.009483148243801653,1,1.0,0.6645927601809954,0.6984527420749428,0.28198433451610777,1.150747986058602e-10,0.281984334401033,2,0.1408523231388388,8.510638290629243e-10,1.150747986058602e-10,0.28198433451610777,0.14085232398990263,0,0,1,1,0.0,0.0,0.27574468085106385,0.931063829787234,0,7515,1123,14359
127,37.npy,0.01857889979338843,1,1.0,0.7650382186773014,0.8901897643185345,0.9191455380476851,0.8699924414455796,0.04915309660210543,4,0.04787039748626587,0.8699924414455796,0.8957198443782646,0.9191455380476851,0.9178628389318455,1,1,1,1,1.0,1.0,1.0,1.0,2990,2838,2707,2714
128,38.npy,0.017844460227272728,1,1.0,0.7587508579272477,0.8719169685467748,0.8893805309956998,0.8045851528739838,0.084795378121716,4,0.025942965990410904,0.8616523772677996,0.8045851528739838,0.8893805309956998,0.8875953432582105,1,1,1,1,1.0,1.0,1.0,1.0,2921,3285,2761,2771
129,39.npy,0.01857082902892562,1,1.0,0.767,0.8560945710131111,0.8756900818816504,0.8099348247648521,0.0657552571167983,4,0.055318544801076786,0.8166814552233042,0.8099348247648521,0.8756900818816504,0.8720000000243809,1,1,1,1,1.0,0.9991308126901347,0.9995654063450674,0.9947848761408083,3334,3376,2952,2949
130,4.npy,0.008474302685950414,1,1.0,0.6481481481481481,0.6241492588754808,0.8592730662351944,9.523809514739228e-10,0.8592730652828134,2,0.8592730652828134,9.523809514739228e-10,0.8592730662351944,9.523809514739228e-10,0.849884526628229,0,1,0,1,0.0,0.878095238095238,0.0,0.8761904761904762,0,1096,0,1115
131,40.npy,0.036302298553719005,1,1.0,0.7139682539682539,0.8507130722457359,0.9154757043777587,0.8780678595992893,0.03740784477846937,4,0.03740784477846937,0.8780678595992893,0.891621219643865,0.9056831922706889,0.9154757043777587,1,1,1,1,0.9982214317474433,0.9995553579368608,0.9991107158737217,0.9968875055580257,5729,5587,5426,5298
132,41.npy,0.041588649276859506,1,1.0,0.7618273211117682,0.8523954031311886,0.9386740331548182,0.9154892028867423,0.02318483026807594,4,0.02318483026807594,0.9154892028867423,0.9293606230819271,0.931683798787257,0.9386740331548182,1,1,1,1,0.9996118765767514,0.9957306423442654,0.9937900252280225,0.9891325441490394,6100,5889,5840,5707
133,42.npy,0.01648050103305785,1,1.0,0.7576994434137291,0.8636836133732168,0.9302219171973868,0.8912663755695924,0.038955541627794354,4,0.027653272357388792,0.902568644839998,0.8912663755695924,0.9156950672834764,0.9302219171973868,1,1,1,1,0.9980411361410382,0.9995102840352595,1.0,0.9955925563173359,2474,2538,2418,2329
134,43.npy,0.06388817148760331,3,0.5779434057604851,0.7650501672240803,0.7201224548606332,0.7646850421763846,0.30037573813200474,0.4643093040443798,4,0.4643093040443798,0.30037573813200474,0.5139655021877274,0.5178300116616472,0.7646850421763846,1,1,1,1,0.17673067205659423,0.37076806467913087,0.3659676604345629,0.6816574027286508,1399,3505,3273,6197
135,44.npy,0.05526859504132232,3,0.5129964953271028,0.7885521885521886,0.8141886404071137,0.8792696364017575,0.23476356149532746,0.64450607490643,4,0.64450607490643,0.365804220893549,0.8792696364017575,0.23476356149532746,0.603249168173493,1,1,1,1,0.2240070093457944,0.8157126168224299,0.13303154205607476,0.45005841121495327,1539,5858,913,3370
136,45.npy,0.05063597623966942,3,0.48772712782913613,0.7555555555555555,0.7831902939830234,0.8992332968315417,1.5938795024555497e-10,0.8992332966721538,2,0.8992332966721538,1.5938795024555497e-10,0.6108220603942953,1.5938795024555497e-10,0.8992332968315417,0,1,0,1,0.0,0.4678036340452662,0.0,0.9160025502072043,0,3336,0,6508
137,46.npy,0.05003066890495868,3,0.559929020809808,0.8199858256555634,0.820176949352793,0.4344252086891985,1.613163413193553e-10,0.43442520852788213,2,0.43442520852788213,1.613163413193553e-10,0.4344252086891985,1.613163413193553e-10,0.0877197942120241,0,1,0,1,0.0,0.2813356993063397,0.0,0.5005646071947089,0,1830,0,64549
138,47.npy,0.04304138688016529,3,0.5460341271329459,0.8191279887482419,0.8113813080081411,0.04370619409875626,1.8751171944730699e-10,0.043706193911244536,2,0.043706193911244536,1.8751171944730699e-10,0.0007796004872249602,1.8751171944730699e-10,0.04370619409875626,0,1,0,1,0.0,0.002250140633789612,0.0,0.28764297768610536,0,25452,0,64863
139,48.npy,0.057447701446280995,3,0.5203708906996347,0.7596390484003281,0.7798357362385756,0.8911135292063029,0.02132668619009463,0.8697868430162083,4,0.8697868430162083,0.25379477847555615,0.8736904235005393,0.02132668619009463,0.8911135292063029,1,1,1,1,0.14681090193874685,0.8318347850519809,0.010817645406012925,0.8628828322562517,1117,6436,103,6667
140,49.npy,0.020184981921487603,1,1.0,0.6931818181818182,0.7376759382994154,0.9659540775997716,0.949608512357035,0.01634556524273656,4,0.014446414952323794,0.949608512357035,0.9640549273093588,0.9659540775997716,0.9623348452056133,1,1,1,1,0.9456217512994802,0.9544182327069173,0.975609756097561,0.975609756097561,2480,2451,2551,2570
141,5.npy,0.0074008910123966945,1,1.0,0.6430575035063114,0.5623027849966867,0.6394658756383784,1.0905125397050027e-09,0.6394658745478659,1,0.6394658745478659,1.0905125397050027e-09,0.6394658756383784,1.0905125397050027e-09,1.0905125397050027e-09,0,1,0,0,0.0,0.47001090512540894,0.0,0.0,0,431,0,0
142,50.npy,0.01958774535123967,1,1.0,0.7055232558139535,0.7358787942225486,0.9797587405479945,0.971370143155139,0.008388597392855468,4,0.008388597392855468,0.971370143155139,0.9797587405479945,0.9714050606929839,0.9714998959909508,1,1,1,1,0.9785743716522456,0.9872270292542233,0.9728059332509271,0.9620931190770499,2463,2464,2434,2380
143,51.npy,0.01949089617768595,1,1.0,0.7750320924261874,0.7850820255283295,0.9515002055175709,0.9253360910185447,0.026164114499026114,4,0.026164114499026114,0.9253360910185447,0.9515002055175709,0.9383110401400856,0.9509190062712747,1,1,1,1,0.9262939958592132,0.9585921325051759,0.9730848861283644,0.9747412008281573,2420,2451,2594,2536
144,52.npy,0.12602498708677687,1,1.0,0.7786088257292446,0.7664223563585071,0.9660476941406994,0.9501657013674183,0.015881992773281062,4,0.015048163170527817,0.9501657013674183,0.9652138645379461,0.9660476941406994,0.9640971488923505,1,1,1,1,0.9823246878001921,0.9906500160102466,0.9611911623439001,0.9939801472942683,16672,16438,15458,16583
145,53.npy,0.007513881714876033,1,1.0,0.7319182389937107,0.69137985095517,2.1533161063408016e-10,1.2348728079482744e-10,9.184432983925272e-11,0,-4.8419041089906424e-11,2.1533161063408016e-10,1.295169019389306e-10,1.7793594302883701e-10,1.2348728079482744e-10,0,0,0,0,0.0,0.0,0.0,0.0,3713,6790,4689,7167
146,54.npy,0.014382102272727272,1,1.0,0.6719457013574661,0.7112485031392057,0.9571962079985072,0.037174721700916236,0.9200214862975911,4,0.9200214862975911,0.037174721700916236,0.9221628045388702,0.7526205451598111,0.9571962079985072,1,1,1,1,0.01964085297418631,0.8709315375982043,0.6043771043771043,0.9349046015712682,101,1584,1080,1699
147,55.npy,0.02160543646694215,1,1.0,0.6928053830227743,0.74802494820419,0.9626382005408619,0.944970071452989,0.017668129087872964,4,0.009751290784874578,0.944970071452989,0.9547213622378635,0.9626382005408619,0.9531490015450943,1,1,1,1,0.9140829286514756,0.9215539783339559,0.9432200224131491,0.9271572655958162,2502,2491,2569,2531
148,56.npy,0.02054816632231405,1,1.0,0.7750380517503805,0.8207372468493508,0.9571088165295654,0.9221913457875761,0.034917470741989254,4,0.034917470741989254,0.9221913457875761,0.9542246420741632,0.9510600356744482,0.9571088165295654,1,1,1,1,0.9124116260801257,0.9293008641005499,0.9426551453260016,0.9465828750981933,2492,2413,2501,2490
149,57.npy,0.007731792355371901,1,1.0,0.7603174603174603,0.8000283779161491,0.8775510204706373,1.0438413350273055e-09,0.8775510194267959,1,0.8775510194267959,1.0438413350273055e-09,1.0438413350273055e-09,1.0438413350273055e-09,0.8775510204706373,0,0,0,1,0.0,0.0,0.0,0.8977035490605428,0,0,0,1002
150,58.npy,0.007433174070247934,1,1.0,0.7536824877250409,0.7993762669327861,0.7871794872704362,6.711409391468852e-10,0.7871794865992953,1,0.7871794865992953,6.711409391468852e-10,1.085776328897094e-09,1.0416666655815972e-09,0.7871794872704362,0,0,0,1,0.0,0.0,0.0,1.0,569,0,39,1419
151,59.npy,0.04132231404958678,1,1.0,0.5037386855568674,0.5913610915576404,0.047428571564653056,0.0031374443099870344,0.044291127254666024,4,0.044291127254666024,0.0031374443099870344,0.0408349841473663,0.02888752319777389,0.047428571564653056,1,1,1,1,0.0025390625,0.026171875,0.018359375,0.032421875,3167,1443,1388,1880
152,6.npy,0.008619576446280992,1,1.0,0.6241963763880771,0.6157087743767958,0.895795246848357,9.36329587138268e-10,0.8957952459120274,2,0.8957952459120274,9.36329587138268e-10,0.895795246848357,9.36329587138268e-10,0.8726262158996637,0,1,0,1,0.0,0.9176029962546817,0.0,0.8820224719101124,0,1120,0,1091
153,60.npy,0.003220235020661157,1,1.0,0.6176470588235294,0.6245774952003031,2.506265657879033e-09,2.328288707257674e-10,2.2734367871532657e-09,0,4.670667464958739e-10,2.506265657879033e-09,1.2195121936347411e-09,7.524454471388672e-10,2.328288707257674e-10,0,0,0,0,0.0,0.0,0.0,0.0,0,421,930,3896
154,61.npy,0.047359245867768594,1,1.0,0.5332606324972737,0.6210559414247789,0.8474279460162402,0.21381830549725347,0.6336096405189867,4,0.6336096405189867,0.21381830549725347,0.8474279460162402,0.3369541122437426,0.8054279749613481,1,1,1,1,0.2143830947511929,0.9896046353101567,0.25903203817314246,0.9861963190184049,5899,7837,3154,8502
155,62.npy,0.041733923037190084,1,1.0,0.5775072593254411,0.6138319160714979,0.7048038137417671,0.03458041451265756,0.6702233992291096,4,0.6702233992291096,0.33529111346587187,0.40878584509959903,0.03458041451265756,0.7048038137417671,1,1,1,1,0.25391607039257397,0.32392187197834077,0.02243279829820151,0.7433765229162638,2661,3024,1538,5737
156,63.npy,0.16694376291322313,1,1.0,0.7267840202382208,0.8661643256990831,0.9778678750303395,0.9476468693944048,0.03022100563593466,4,0.03022100563593466,0.9764658194049342,0.9778678750303395,0.9476468693944048,0.9736207630129622,1,1,1,1,0.9898960599468214,0.9911046652163403,0.9958423978728548,0.9956490210297317,21254,21245,22789,21621
157,64.npy,0.15913126291322313,1,1.0,0.7591637147697521,0.8704315826693413,0.9829786154591974,0.9323684147896215,0.05061020066957589,4,0.05061020066957589,0.9323684147896215,0.9829786154591974,0.9601201319491871,0.9809627620476827,1,1,1,1,0.993203834254704,0.9826545620530507,0.9890449865598214,0.981335903027844,22290,19704,20905,19732
158,65.npy,0.03902214617768595,1,1.0,0.7565326240025035,0.8765429121704696,0.9813249869607381,0.9710007381660866,0.010324248794651547,4,-0.004504167824320504,0.9812967581066816,0.9710007381660866,0.9813249869607381,0.9767925902823611,1,1,1,1,0.9766287487073423,0.9522233712512926,0.972699069286453,0.9706308169596691,4789,4648,4750,4774
159,66.npy,0.17547456095041322,1,1.0,0.755481427429723,0.8897021167671406,0.9845598647849674,0.95554521895241,0.029014645832557417,4,0.029014645832557417,0.95554521895241,0.9836513502440081,0.9844282349716592,0.9845598647849674,1,1,1,1,0.9920890442461595,0.9934688621102015,0.990065311378898,0.9913071474565357,23405,22176,21991,22040
160,67.npy,0.036229661673553716,1,1.0,0.7499164717674573,0.8593569343946323,0.9817860691045606,0.9770382695532958,0.004747799551264809,4,0.0041688938359141225,0.9817860691045606,0.9786711334473845,0.9770382695532958,0.9812071633892099,1,1,1,1,0.9906437959456449,0.9761639563377145,0.9810648251280909,0.9886388950768545,4570,4466,4526,4557
161,68.npy,0.017271435950413222,1,1.0,0.7190860215053764,0.7762734399316534,0.9596266044434943,0.941529928370342,0.01809667607315235,4,0.01669856472838671,0.9429280397151076,0.9596266044434943,0.9503710575254242,0.941529928370342,1,1,1,1,0.9766355140186916,0.9607476635514018,0.9574766355140187,0.9518691588785047,2293,2145,2172,2187
162,69.npy,0.004301717458677686,1,1.0,0.7931547619047619,0.919339024276756,1.8761726043599012e-09,4.990019957589809e-10,1.3771706086009203e-09,0,2.493886659760496e-10,1.8761726043599012e-09,4.990019957589809e-10,1.3661202167129505e-09,1.615508882689e-09,0,0,0,0,0.0,0.0,0.0,0.0,0,1471,199,86
163,7.npy,0.008272533574380165,1,1.0,0.7592592592592593,0.7356038786022802,0.7924882630082216,0.30980577936052334,0.4826824836476983,4,0.44438189664891975,0.6981549816611975,0.30980577936052334,0.34810636635930187,0.7924882630082216,1,1,1,1,0.9229268292682927,0.9570731707317073,0.21073170731707316,0.8234146341463414,1685,5308,216,1105
164,70.npy,0.0023970170454545455,1,1.0,0.61875,0.7629588009633504,0.06429090922701222,3.1152647878029135e-09,0.06429090611174744,2,0.06429090611174744,3.1152647878029135e-09,0.06429090922701222,3.184713365653779e-09,0.004571428674849721,0,1,0,1,0.0,0.7441077441077442,0.0,0.07407407407407407,24,6578,17,9328
165,71.npy,0.006722946797520661,1,1.0,0.74375,0.8730651756196897,1.200480190635678e-09,2.6703695790784455e-11,1.1737764948448936e-09,0,0.0,1.200480190635678e-09,1.200480190635678e-09,1.200480190635678e-09,2.6703695790784455e-11,0,0,0,0,0.0,0.0,0.0,0.0,0,0,0,36615
166,72.npy,0.004987732438016529,1,1.0,0.7270588235294118,0.8112597881103933,1.6181229747279563e-09,2.7795536036139878e-11,1.5903274386918165e-09,0,0.0,1.6181229747279563e-09,1.6181229747279563e-09,1.6181229747279563e-09,2.7795536036139878e-11,0,0,0,0,0.0,0.0,0.0,0.0,0,0,0,35359
167,73.npy,0.003034607438016529,1,1.0,0.746031746031746,0.9129421529891855,2.65957446101177e-09,3.460207611259444e-10,2.3135536998858256e-09,0,7.140491729680447e-10,2.65957446101177e-09,2.65957446101177e-09,1.945525288043725e-09,3.460207611259444e-10,0,0,0,0,0.0,0.0,0.0,0.0,0,0,138,2514
168,74.npy,0.005794808884297521,1,1.0,0.7479166666666667,0.9007648267218757,1.3927576582273569e-09,2.464207387633025e-11,1.3681155843510267e-09,0,0.0,1.3927576582273569e-09,1.3927576582273569e-09,1.3927576582273569e-09,2.464207387633025e-11,0,0,0,0,0.0,0.0,0.0,0.0,0,0,0,39863
169,75.npy,0.007392820247933884,1,1.0,0.7339743589743589,0.761936846232661,0.9322997416370544,0.8527493010937796,0.07955044054327487,4,0.07955044054327487,0.9308565531832526,0.9322997416370544,0.8527493010937796,0.8806544755146033,1,1,1,1,0.9847161572052402,0.9847161572052402,0.9989082969432315,0.9989082969432315,1022,1019,1230,1162
170,76.npy,0.0044712035123966945,1,1.0,0.6764346764346765,0.7101372152686692,0.8658008659170554,1.8050541483663282e-09,0.8658008641120013,3,0.8495726478961658,1.8050541483663282e-09,0.8110781406418613,0.8658008659170554,0.8495726497012199,0,1,1,1,0.0,0.740072202166065,0.9025270758122743,0.8971119133574007,0,457,601,616
171,77.npy,0.003712551652892562,1,1.0,0.6917293233082706,0.7335667525549456,2.173913038752363e-09,4.031607805030172e-11,2.133596960702061e-09,0,0.0,2.173913038752363e-09,2.173913038752363e-09,2.173913038752363e-09,4.031607805030172e-11,0,0,0,0,0.0,0.0,0.0,0.0,0,0,0,24344
172,78.npy,0.002518078512396694,1,1.0,0.7222222222222222,0.8070822395035782,3.2051281948553584e-09,3.3485132600003845e-11,3.1716430622553547e-09,0,-2.864644708420385e-09,3.2051281948553584e-09,3.404834864349733e-10,3.2051281948553584e-09,3.3485132600003845e-11,0,0,0,0,0.0,0.0,0.0,0.0,0,2625,0,29552
173,79.npy,0.0030991735537190084,1,1.0,0.6736842105263158,0.7662822960166807,2.6041666598849827e-09,3.640334909486591e-10,2.2401331689363235e-09,0,0.0,2.6041666598849827e-09,2.6041666598849827e-09,2.6041666598849827e-09,3.640334909486591e-10,0,0,0,0,0.0,0.0,0.0,0.0,0,0,0,2363
174,8.npy,0.009006973140495868,1,1.0,0.7380952380952381,0.7492571009772427,0.8519253672679931,0.57638425631208,0.27554111095591305,4,0.0967514123431813,0.8519253672679931,0.57638425631208,0.7083333335021219,0.8050847458453032,1,1,1,1,0.9614695340501792,0.7741935483870968,0.5483870967741935,0.8512544802867383,1403,1882,612,1244
175,80.npy,0.009967394111570249,1,1.0,0.7243401759530792,0.754739153896803,0.9271114539424946,0.8982591876602479,0.028852266282246686,4,0.028852266282246686,0.8982591876602479,0.9187916830448052,0.9179075983513144,0.9271114539424946,1,1,1,1,0.940080971659919,0.9481781376518219,0.9732793522267207,0.9732793522267207,1350,1314,1384,1358
176,81.npy,0.08806011105371901,1,1.0,0.6836466165413534,0.7497285842082764,0.9833072028044219,0.9687300574360138,0.01457714536840804,4,0.01457714536840804,0.9687300574360138,0.980169971672309,0.9726095843755345,0.9833072028044219,1,1,1,1,0.9738795710750618,0.9671890752451654,0.9812116212996059,0.9771789936761067,11027,10622,11104,10775
177,82.npy,0.029070893595041322,1,1.0,0.6710134128166915,0.766320228796012,0.977943203752696,0.9128323108495868,0.06511089290310923,4,0.06511089290310923,0.9592772384089432,0.977943203752696,0.9128323108495868,0.9613722312315813,1,1,1,1,0.9875069405885619,0.9847307051637979,0.9913936701832315,0.9880621876735147,3814,3652,4222,3802
178,83.npy,0.06910995609504132,1,1.0,0.7076859504132231,0.8035195034577071,0.9799253034558867,0.9733458031345952,0.006579500321291509,4,0.0025486905980134367,0.9773766128578733,0.9799253034558867,0.9781710227616176,0.9733458031345952,1,1,1,1,0.9863365642882167,0.9804974891977111,0.9811981782085718,0.9723227840710031,8720,8573,8616,8545
179,84.npy,0.0808932722107438,1,1.0,0.7033684210526315,0.7957447098036626,0.983390692803462,0.9772448026747311,0.006145890128730902,4,0.006145890128730902,0.9808376135924122,0.983390692803462,0.9772448026747311,0.9799276403836087,1,1,1,1,0.9907213409158935,0.9835378629152948,0.9919185872493266,0.9863314376933054,10225,10026,10324,10154
180,85.npy,0.05730242768595041,1,1.0,0.742056856187291,0.8134734517743689,0.9868817958620216,0.9750070601542639,0.011874735707757766,4,0.011874735707757766,0.9750070601542639,0.9854887803507122,0.9865195222472222,0.9868817958620216,1,1,1,1,0.9725352112676057,0.9804225352112677,0.9946478873239437,0.9907042253521127,7064,7027,7217,7155
181,86.npy,0.02941793646694215,1,1.0,0.6941534945724623,0.7658918659071313,0.9753896636621014,0.9438935281910369,0.03149613547106456,4,0.03149613547106456,0.9676808654539986,0.9668577821330083,0.9438935281910369,0.9753896636621014,1,1,1,1,0.9816186556927298,0.9484224965706447,0.9923182441700961,0.9786008230452675,3750,3506,4019,3669
182,87.npy,0.0697394757231405,1,1.0,0.6000694444444444,0.6606897619179426,0.607014460365342,0.4572497328591691,0.14976472750617292,4,-0.10642738640755955,0.5751303523687191,0.4572497328591691,0.607014460365342,0.46870296596115957,1,1,1,1,0.6318713111908344,0.2970720981367897,0.4396481888670293,0.30633028584654554,10346,2587,3876,2654
183,88.npy,0.05258910123966942,1,1.0,0.5919331395348837,0.6953347031796674,0.5445500774326166,0.43088747454895066,0.11366260288366598,4,0.11366260288366598,0.5370124113988239,0.5445500774326166,0.43088747454895066,0.48497505517055634,1,1,1,1,0.37185389809699204,0.3779926335174954,0.27532228360957645,0.3207489257213014,2508,2530,1811,2103
184,89.npy,0.003341296487603306,1,1.0,0.7527272727272727,0.9161828449327706,2.4154589313636257e-09,3.4246575330737476e-10,2.072993178056251e-09,0,3.3219648158320734e-11,2.336448592671849e-09,2.36966824083017e-09,2.4154589313636257e-09,3.4246575330737476e-10,0,0,0,0,0.0,0.0,0.0,0.0,14,8,0,2506
185,9.npy,0.005762525826446281,1,1.0,0.7760869565217391,0.7280592346176968,0.7481636937312888,1.4005602221280668e-09,0.7481636923307285,3,0.7051899399021739,0.7481636937312888,0.27491856693269956,1.4005602221280668e-09,0.7051899413027342,1,1,0,1,0.9985994397759104,0.8865546218487395,0.0,0.9229691876750701,1192,3891,0,1155
186,90.npy,0.005044227789256199,1,1.0,0.8012820512820513,0.9360910598880277,0.858354537863991,7.614986292444792e-11,0.8583545377878411,1,0.8583545377878411,7.614986292444792e-11,2.560819461572133e-10,7.320644211331884e-10,0.858354537863991,0,0,0,1,0.0,0.0,0.0,0.8096,12507,3280,741,554
187,91.npy,0.058020725723140494,1,1.0,0.5939849624060151,0.687196601438919,0.6179920477327042,0.4376012966572013,0.1803907510755029,4,0.07103510217674486,0.6179920477327042,0.5333870480880867,0.4623519459113418,0.4376012966572013,1,1,1,1,0.8647934344136876,0.3683405202392544,0.30407567116427875,0.2816803449714842,12931,2740,2267,2066
188,92.npy,0.034623579545454544,1,1.0,0.6155832974601808,0.7064204641485532,0.5439841558765498,0.2450763850890357,0.29890777078751407,4,0.29890777078751407,0.2450763850890357,0.5439841558765498,0.36167530475393256,0.5016547640652055,1,1,1,1,0.6207459207459207,0.38414918414918414,0.3009324009324009,0.3356643356643357,17442,1769,2849,1451
189,93.npy,0.00978176652892562,1,1.0,0.7013888888888888,0.7228571895526458,0.8260254597708508,0.7659711076192709,0.06005435215157995,4,0.047037022525374006,0.8260254597708508,0.8130081301446449,0.7659711076192709,0.7921776599959637,1,1,1,1,0.7227722772277227,0.9900990099009901,0.9843234323432343,0.985973597359736,909,1740,1903,1805
190,94.npy,0.007344395661157025,1,1.0,0.6594202898550725,0.7232751661145049,0.7876484561578868,0.6343930637158985,0.15325539244198827,4,0.06980994988275224,0.7876484561578868,0.7042030135986508,0.6343930637158985,0.688575899965346,1,1,1,1,0.910989010989011,0.9758241758241758,0.9648351648351648,0.967032967032967,1195,1612,1858,1646
191,95.npy,0.005560756714876033,1,1.0,0.7448648648648649,0.8252874032294727,0.7842465754656127,0.5318503543661776,0.25239622109943516,4,0.25239622109943516,0.5318503543661776,0.7842465754656127,0.7827586208145065,0.7328000001425067,1,1,1,1,0.38171262699564584,0.9970972423802612,0.988388969521045,0.9970972423802612,300,1063,1051,1186
192,96.npy,0.005124935433884297,1,1.0,0.7696969696969697,0.883944317722463,0.8158415842799726,1.5748031471262943e-09,0.8158415827051694,3,0.8136482925107295,1.5748031471262943e-09,0.8136482940855326,0.8158415842799726,0.7546714889965814,0,1,1,1,0.0,0.9763779527559056,0.9732283464566929,0.9858267716535433,0,889,880,1024
193,97.npy,0.006496965392561983,1,1.0,0.7117595048629531,0.8223394389330669,0.7206551411643972,0.6872017354936218,0.03345340567077537,4,0.017779741667763305,0.7028753994966339,0.7206551411643972,0.7166361975700932,0.6872017354936218,1,1,1,1,0.9565217391304348,0.9838509316770186,0.9739130434782609,0.9838509316770186,1386,1393,1383,1500
194,98.npy,0.008312887396694215,1,1.0,0.7223001402524544,0.8308834251052789,0.852636766952865,0.6597199610355846,0.19291680591728044,4,0.09130044722006647,0.852636766952865,0.7510204082556511,0.6597199610355846,0.7324863884818562,1,1,1,1,0.8398058252427184,0.9825242718446602,0.983495145631068,0.9796116504854369,999,1665,2041,1725
195,99.npy,0.01861118285123967,1,1.0,0.75089547378704,0.6859307129201669,0.029059829474760757,1.219363492108357e-10,0.029059829352824407,1,0.029059829041109413,4.336513441311139e-10,0.029059829474760757,4.336513441311139e-10,1.219363492108357e-10,0,1,0,0,0.0,0.014744145706851692,0.0,0.0,0,34,0,5895
