arch,det_source,n,id_dice,id_dice_recalc,id_recall,id_precision,id_hd95_mean,id_hd95_valid,id_det_frozen,id_k_frozen,id_det_subst,id_k_subst,id_del_frozen,id_dice_p31a,cons_diff,cons_status,has_recall,src_csv
AttentionUNet,indist_pred(E: P3-1c 直跑),242,0.8394898226404438,0.8394898226404438,0.8551025585447083,0.8786862071727327,46.65995445438434,240,1.0,0,0.987603305785124,3,0.8394898226404438,0.8394898226404438,0.0,MATCH,True,E:/paper2_ablation_reliability/03_results/raw/indist_pred\AttentionUNet\sample_metrics.csv
CaraNet,indist_pred(E: P3-1c 直跑),242,0.8316442656364066,0.8316442656364066,0.8495436578861347,0.8542667150672913,38.73453182132639,241,1.0,0,0.9834710743801652,4,0.8316442656364066,0.8316442656364066,0.0,MATCH,True,E:/paper2_ablation_reliability/03_results/raw/indist_pred\CaraNet\sample_metrics.csv
EGAUNet,"disk:results/test_results(read-only, 唯一来源)",242,0.885307265792032,0.885307265792032,0.9029425058713284,0.903481761418034,28.198364435462974,241,1.0,0,0.9917355371900828,2,0.885307265792032,0.885307265792032,0.0,MATCH,True,D:/medical_segmentation/results/test_results/sample_metrics.csv
M2SNet,indist_pred(E: P3-1c 直跑),242,0.8603479380379638,0.8603479380379638,0.8731308832383813,0.8824762595619653,31.832332663275267,241,1.0,0,0.975206611570248,6,0.8603479380379638,0.8603479380379638,0.0,MATCH,True,E:/paper2_ablation_reliability/03_results/raw/indist_pred\M2SNet\sample_metrics.csv
MultiResUNet,indist_pred(E: P3-1c 直跑),242,0.8424785194947292,0.8424785194947292,0.860782732530695,0.874210754534844,43.83643003519577,239,1.0,0,0.9793388429752066,5,0.8424785194947292,0.8424785194947292,0.0,MATCH,True,E:/paper2_ablation_reliability/03_results/raw/indist_pred\MultiResUNet\sample_metrics.csv
PSPNet,indist_pred(E: P3-1c 直跑),242,0.8646062004418408,0.8646062004418408,0.8816414251446302,0.8829842201317656,33.94237155465328,241,1.0,0,0.9793388429752066,5,0.8646062004418408,0.8646062004418408,0.0,MATCH,True,E:/paper2_ablation_reliability/03_results/raw/indist_pred\PSPNet\sample_metrics.csv
PolypPVT,indist_pred(E: P3-1c 直跑),242,0.86379502386353,0.8638302927963105,0.8689741412624776,0.905384515353029,31.458597692927505,239,1.0,0,0.9793388429752066,5,0.86379502386353,0.86379502386353,3.52689327804967e-05,REGISTERED_DIFF,True,E:/paper2_ablation_reliability/03_results/raw/indist_pred\PolypPVT\sample_metrics.csv
PraNet,indist_pred(E: P3-1c 直跑),242,0.8445122607932337,0.8445122607932337,0.8612055244487421,0.8727400674499384,34.1464936644311,240,1.0,0,0.9710743801652892,7,0.8445122607932337,0.8445122607932337,0.0,MATCH,True,E:/paper2_ablation_reliability/03_results/raw/indist_pred\PraNet\sample_metrics.csv
ResUNet,indist_pred(E: P3-1c 直跑),242,0.791859694621517,0.791859694621517,0.8178380455622969,0.8331272496341834,62.75219569256061,241,1.0,0,0.9834710743801652,4,0.791859694621517,0.791859694621517,0.0,MATCH,True,E:/paper2_ablation_reliability/03_results/raw/indist_pred\ResUNet\sample_metrics.csv
SANet,indist_pred(E: P3-1c 直跑),242,0.848829747077322,0.848829747077322,0.8806846999420478,0.8568805514315654,38.543576243574165,242,1.0,0,0.9793388429752066,5,0.848829747077322,0.848829747077322,0.0,MATCH,True,E:/paper2_ablation_reliability/03_results/raw/indist_pred\SANet\sample_metrics.csv
SegNet,indist_pred(E: P3-1c 直跑),242,0.8506006612701679,0.8506006612701679,0.8718954083759349,0.8798316437272229,39.46177606383167,239,1.0,0,0.9834710743801652,4,0.8506006612701679,0.8506006612701679,0.0,MATCH,True,E:/paper2_ablation_reliability/03_results/raw/indist_pred\SegNet\sample_metrics.csv
TransUNet,indist_pred(E: P3-1c 直跑),242,0.8390788241710456,0.8390788241710456,0.8702530222523173,0.8557691559081891,44.107622179715314,241,1.0,0,0.9917355371900828,2,0.8390788241710456,0.8390788241710456,0.0,MATCH,True,E:/paper2_ablation_reliability/03_results/raw/indist_pred\TransUNet\sample_metrics.csv
UACANet,indist_pred(E: P3-1c 直跑),242,0.8332554599640427,0.8332554599640427,0.8537686402745444,0.8693752610183894,36.8032823835165,239,1.0,0,0.9710743801652892,7,0.8332554599640427,0.8332554599640427,0.0,MATCH,True,E:/paper2_ablation_reliability/03_results/raw/indist_pred\UACANet\sample_metrics.csv
UNet,indist_pred(E: P3-1c 直跑),242,0.8238183108298338,0.8238183108298338,0.8576511853093596,0.8627085594031189,47.00628718703929,237,1.0,0,0.9793388429752066,5,0.8238183108298338,0.8238183108298338,0.0,MATCH,True,E:/paper2_ablation_reliability/03_results/raw/indist_pred\UNet\sample_metrics.csv
