sample_idx,filename,source,Dice,det,gt_px,gt_frac,n_cc,main_frac,bbox_fill,circ,solidity,bbox
0,112.npy,CVC-ClinicDB,0.9756080743307346,1,28826,0.23264785640495866,1,1.0,0.7248723816229538,0.6011238781504622,0.9493791786055397,"145,16,133,299"
1,12.npy,CVC-ClinicDB,0.9636722960833698,1,28644,0.23117897727272727,1,1.0,0.625524109014675,0.5113193180880845,0.9391937308392216,"37,53,159,288"
2,125.npy,CVC-ClinicDB,0.6536674886737089,1,11610,0.09370157541322315,1,1.0,0.680379746835443,0.5120059060007898,0.9173152135266464,"233,18,79,216"
3,126.npy,CVC-ClinicDB,0.6299559471367784,1,11807,0.09529151601239669,1,1.0,0.7252457002457002,0.5263382853612268,0.9488487965604533,"235,14,74,220"
4,128.npy,CVC-ClinicDB,0.971102390296132,1,6919,0.055841619318181816,1,1.0,0.7588286905023032,0.8337197240192673,1.000506109464247,"196,223,97,94"
5,139.npy,CVC-ClinicDB,0.9800285924706538,1,22839,0.1843281895661157,1,1.0,0.7892390628239685,0.8352843579725875,0.996726891856507,"159,123,159,182"
6,143.npy,CVC-ClinicDB,0.9477789403596044,1,5124,0.04135459710743802,1,1.0,0.7379032258064516,0.6636789063802279,1.003230543318649,"271,187,56,124"
7,145.npy,CVC-ClinicDB,0.9826220593450796,1,25252,0.20380294421487602,1,1.0,0.7686594423474978,0.8184745612282086,0.9925710467355843,"59,58,172,191"
8,152.npy,CVC-ClinicDB,0.7091332815448593,1,23191,0.1871690986570248,1,1.0,0.7817366682397358,0.8329873189374903,0.9982996491681195,"121,155,182,163"
9,158.npy,CVC-ClinicDB,0.97704788286508,1,5040,0.04067665289256198,1,1.0,0.6557377049180327,0.6245334951785061,0.9813084112149533,"87,41,61,126"
10,16.npy,CVC-ClinicDB,0.7991693461952042,1,8893,0.0717733083677686,1,1.0,0.5624209461168732,0.5954433808948182,0.9356620548161397,"210,209,118,134"
11,161.npy,CVC-ClinicDB,0.9527342676560144,1,3528,0.02847365702479339,1,1.0,0.7058823529411765,0.6712576828892418,0.9959068454481299,"98,71,51,98"
12,162.npy,CVC-ClinicDB,0.9377495462795484,1,5719,0.046156701962809916,1,1.0,0.6528538812785388,0.6786375179013566,0.9893607819392786,"130,42,73,120"
13,165.npy,CVC-ClinicDB,0.9282775210483456,1,8222,0.06635782541322315,1,1.0,0.6889559242500419,0.6634330636380433,0.9946769900798451,"63,75,78,153"
14,168.npy,CVC-ClinicDB,0.9445862194677864,1,5556,0.0448411673553719,2,0.999820014398848,0.677439024390244,0.7524095503887214,0.9873800213295414,"127,79,82,100"
15,17.npy,CVC-ClinicDB,0.9552339901477972,1,16828,0.1358148243801653,1,1.0,0.6568306010928961,0.639870667436536,0.9396917578735761,"145,203,183,140"
16,189.npy,CVC-ClinicDB,0.9603737670877658,1,5771,0.04657638171487603,1,1.0,0.7719368646334939,0.8527452031541414,1.003826752478692,"124,114,84,89"
17,198.npy,CVC-ClinicDB,0.960147525868292,1,4986,0.04024083161157025,1,1.0,0.7761519302615193,0.834164621972201,1.0060532687651331,"204,119,73,88"
18,202.npy,CVC-ClinicDB,0.716633929494762,1,6134,0.04950606921487603,1,1.0,0.7204604181348367,0.7972810067671605,0.9845906902086677,"134,172,86,99"
19,21.npy,CVC-ClinicDB,0.9549026202342076,1,33494,0.2703221849173554,1,1.0,0.7718934365781711,0.6914295955237152,0.9361226400592518,"37,151,226,192"
20,210.npy,CVC-ClinicDB,0.7879517206696264,1,31462,0.2539223915289256,1,1.0,0.47011535473073934,0.45549853830802367,0.7631684273083407,"40,101,286,234"
21,220.npy,CVC-ClinicDB,0.965961695561436,1,5530,0.044631327479338845,1,1.0,0.6259196378041879,0.7127393074543009,0.9763418079096046,"167,229,93,95"
22,226.npy,CVC-ClinicDB,0.9699636179034014,1,5824,0.04700413223140496,1,1.0,0.7392739273927392,0.7646233140099737,0.9692935008737622,"80,263,101,78"
23,245.npy,CVC-ClinicDB,0.9218209986891184,1,8815,0.07114378873966942,1,1.0,0.6354527104959631,0.47535108898858575,0.9543658312131219,"141,87,68,204"
24,250.npy,CVC-ClinicDB,0.9005672052252061,1,11416,0.09213584710743801,1,1.0,0.7473160513223357,0.5017027729604233,0.9572362904578232,"131,115,67,228"
25,252.npy,CVC-ClinicDB,0.9164188965973216,1,12723,0.10268433626033058,1,1.0,0.7231031543052003,0.47383892492639745,0.9844856269586413,"122,80,69,255"
26,255.npy,CVC-ClinicDB,0.9720321394077692,1,23726,0.1914869576446281,1,1.0,0.6721627287665024,0.5375896531589713,0.8527783768240961,"40,184,222,159"
27,257.npy,CVC-ClinicDB,0.9754791523818892,1,30043,0.24246997675619836,1,1.0,0.6151310401310401,0.5879393631592288,0.8849972015200165,"40,110,222,220"
28,265.npy,CVC-ClinicDB,0.9725421032610624,1,28674,0.23142110020661158,1,1.0,0.5370769259585307,0.5531944033606526,0.8871905940594059,"40,140,263,203"
29,266.npy,CVC-ClinicDB,0.973567482892246,1,29896,0.2412835743801653,1,1.0,0.5457466228550566,0.5745518256329006,0.9010654490106544,"40,123,249,220"
30,278.npy,CVC-ClinicDB,0.951083828889409,1,2667,0.02152472882231405,1,1.0,0.746013986013986,0.825938092281885,1.0092715231788079,"166,224,65,55"
31,279.npy,CVC-ClinicDB,0.8923169993952021,1,3075,0.024817600723140498,1,1.0,0.751466275659824,0.8217219094483086,1.0050661872855042,"173,190,66,62"
32,282.npy,CVC-ClinicDB,0.9694369973190676,1,4568,0.0368672520661157,1,1.0,0.7813889839206295,0.854161542968555,1.0062782244740611,"128,124,74,79"
33,298.npy,CVC-ClinicDB,0.9557642575201064,1,7596,0.061305526859504134,1,1.0,0.6609815523842674,0.5720405460832256,0.9659206510681587,"205,131,68,169"
34,312.npy,CVC-ClinicDB,0.0035508211318084,1,1425,0.011500839359504132,1,1.0,0.625548726953468,0.612010903653897,0.9961551904928346,"227,234,34,67"
35,314.npy,CVC-ClinicDB,0.9468016368727402,1,9704,0.07831869834710743,2,0.9997938994229184,0.6267441860465116,0.620511997475492,0.9712197807698083,"220,167,90,172"
36,319.npy,CVC-ClinicDB,0.9279341111874948,1,3095,0.024979016012396695,1,1.0,0.7923707117255504,0.8490709865871587,1.0037295281336145,"154,192,62,63"
37,321.npy,CVC-ClinicDB,0.9751630156055572,1,6706,0.054122546487603305,1,1.0,0.7676282051282052,0.8402244211796429,1.0015682174594878,"156,147,91,96"
38,325.npy,CVC-ClinicDB,0.9572876219339356,1,5093,0.04110440340909091,1,1.0,0.780536398467433,0.8469380032057996,1.0021645021645023,"134,140,75,87"
39,332.npy,CVC-ClinicDB,0.9728481567003958,1,6394,0.05160446797520661,1,1.0,0.7744670542635659,0.8542274934522639,1.0018802883108744,"79,148,86,96"
40,334.npy,CVC-ClinicDB,0.9430384964141926,1,6181,0.0498853951446281,1,1.0,0.7303556658395368,0.8218651137787152,0.9999191134837823,"105,192,93,91"
41,342.npy,CVC-ClinicDB,0.9758847828514146,1,8942,0.07216877582644628,1,1.0,0.7305555555555555,0.8352972862061026,0.9949374130737135,"74,109,102,120"
42,343.npy,CVC-ClinicDB,0.9464243288192288,1,8255,0.06662416064049587,1,1.0,0.7358709217329292,0.6723530665518039,0.9472717883986459,"99,265,142,79"
43,346.npy,CVC-ClinicDB,0.3492129939721412,1,4302,0.03472042871900827,1,1.0,0.7517036519308056,0.7168809350461048,0.97012064494306,"132,246,59,97"
44,347.npy,CVC-ClinicDB,0.9340689156191244,1,5622,0.045373837809917356,1,1.0,0.700735385765923,0.7102858593706716,0.9892662326236142,"85,273,113,71"
45,36.npy,CVC-ClinicDB,0.925259965338036,1,4480,0.03615702479338843,1,1.0,0.7364787111622555,0.783437508376448,0.9795561386246857,"143,92,79,77"
46,367.npy,CVC-ClinicDB,0.9307502061007198,1,2515,0.02029797262396694,1,1.0,0.7621212121212121,0.8265718520992368,1.0074103745243341,"203,219,55,60"
47,37.npy,CVC-ClinicDB,0.9456747404844604,1,8842,0.07136169938016529,1,1.0,0.8020682148040639,0.8152429862968135,0.9847421761888852,"128,145,106,104"
48,372.npy,CVC-ClinicDB,0.785765636233696,1,1140,0.009200671487603305,1,1.0,0.7142857142857143,0.815142915985568,1.0133333333333334,"165,208,38,42"
49,375.npy,CVC-ClinicDB,0.7925953910094726,1,1069,0.008627647210743801,1,1.0,0.7613960113960114,0.860956916067308,1.0161596958174905,"153,170,39,36"
50,378.npy,CVC-ClinicDB,0.8354124748494257,1,2117,0.017085808367768594,1,1.0,0.7698181818181818,0.8633421958677792,1.0107424206254476,"147,170,55,50"
51,384.npy,CVC-ClinicDB,0.9121970727025654,1,33567,0.2709113507231405,1,1.0,0.6919604205318491,0.5700112850635733,0.9006197848192965,"132,18,154,315"
52,391.npy,CVC-ClinicDB,0.9330067941223472,1,6043,0.048771629648760334,1,1.0,0.7442118226600986,0.5978121547259003,0.9523284217161768,"256,69,58,140"
53,399.npy,CVC-ClinicDB,0.963508415554279,1,13406,0.10819666838842976,1,1.0,0.7282703172533681,0.6919959544080001,0.9661285673104641,"181,68,104,177"
54,404.npy,CVC-ClinicDB,0.9536148432501784,1,12186,0.09835033574380166,1,1.0,0.7913500876680304,0.6817249078856855,0.9807645875251509,"227,69,87,177"
55,409.npy,CVC-ClinicDB,0.9535075055496122,1,32056,0.2587164256198347,1,1.0,0.7940943321442727,0.7617417374919804,0.9923843724846759,"40,18,232,174"
56,414.npy,CVC-ClinicDB,0.7922299701152993,1,35434,0.2859794679752066,1,1.0,0.7830718232044199,0.7906373755538723,0.9844555266923194,"40,18,181,250"
57,416.npy,CVC-ClinicDB,0.9005192953874689,1,16101,0.1299473786157025,1,1.0,0.6374613983688336,0.714042408594859,0.976587614484139,"66,22,146,173"
58,429.npy,CVC-ClinicDB,0.9274386269824422,1,8598,0.06939243285123967,1,1.0,0.7208249496981891,0.7321621395218004,0.9802759092463801,"158,101,84,142"
59,433.npy,CVC-ClinicDB,0.9437273186641812,1,10410,0.08401665805785125,1,1.0,0.7256883931683513,0.7582389125917232,0.9911925731968579,"109,90,95,151"
60,436.npy,CVC-ClinicDB,0.962413913855514,1,8290,0.06690663739669421,1,1.0,0.7110996740435752,0.7488565886352353,0.9832176955464627,"151,97,87,134"
61,443.npy,CVC-ClinicDB,0.9580366401659468,1,7079,0.057132941632231406,1,1.0,0.716497975708502,0.6771481117120235,0.9633913990201415,"196,150,76,130"
62,444.npy,CVC-ClinicDB,0.9694927279177192,1,8235,0.06646274535123967,1,1.0,0.7254228329809725,0.7229118338122531,0.9684247662727112,"155,214,88,129"
63,454.npy,CVC-ClinicDB,0.980811403508785,1,7275,0.05871481146694215,1,1.0,0.7547463429816371,0.7974199540070088,0.9993131868131868,"143,34,81,119"
64,458.npy,CVC-ClinicDB,0.940660571002108,1,5167,0.041701639979338845,1,1.0,0.6090287600188591,0.6949599178713436,0.9700553834600582,"148,162,84,101"
65,464.npy,CVC-ClinicDB,0.974648763544002,1,9528,0.07689824380165289,1,1.0,0.7561904761904762,0.7766664973124388,0.9941569282136895,"157,49,90,140"
66,467.npy,CVC-ClinicDB,0.6608079166975627,1,11023,0.08896403667355372,1,1.0,0.3268398268398268,0.31886263506084617,0.6196874297279065,"118,59,146,231"
67,47.npy,CVC-ClinicDB,0.8500696038226231,1,11664,0.09413739669421488,1,1.0,0.7711735537190083,0.8141958682962083,0.9774984286612194,"113,146,125,121"
68,471.npy,CVC-ClinicDB,0.8582518056139371,1,24102,0.19452156508264462,1,1.0,0.4679454820797577,0.4604610348011527,0.795484924996287,"98,34,182,283"
69,473.npy,CVC-ClinicDB,0.805358648471472,1,18830,0.15197249483471073,1,1.0,0.5483720659327859,0.5785484035179782,0.9208049096554928,"99,34,177,194"
70,482.npy,CVC-ClinicDB,0.9834632355973476,1,24255,0.19575639204545456,1,1.0,0.7596304415909803,0.7743553448650163,0.9814076756559914,"77,106,155,206"
71,486.npy,CVC-ClinicDB,0.9352446861097914,1,6404,0.05168517561983471,1,1.0,0.6879364056289612,0.7358851662579217,0.9428045638571955,"136,198,87,107"
72,49.npy,CVC-ClinicDB,0.9497798280562226,1,9947,0.08027989411157024,1,1.0,0.7851448417396796,0.7825497062407084,0.9730020541915289,"88,229,123,103"
73,504.npy,CVC-ClinicDB,0.972429042010752,1,11306,0.09124806301652892,1,1.0,0.8015597305919887,0.7784218102029087,0.9961672320366536,"97,173,91,155"
74,515.npy,CVC-ClinicDB,0.9599323395708004,1,9588,0.07738248966942149,1,1.0,0.6622461665975964,0.6325598735530977,0.8988890451413303,"134,158,127,114"
75,523.npy,CVC-ClinicDB,0.9609138972810036,1,5460,0.04406637396694215,1,1.0,0.7653490328006728,0.8174043617534408,0.9948073244055753,"61,218,82,87"
76,530.npy,CVC-ClinicDB,0.1376693766953249,1,2826,0.022807980371900828,1,1.0,0.7876254180602007,0.6789052123303078,1.0005310674455656,"140,80,39,92"
77,532.npy,CVC-ClinicDB,0.0373030875878546,1,3951,0.03188759039256198,1,1.0,0.7240241891148983,0.663354794590144,0.9892338507761642,"205,54,51,107"
78,534.npy,CVC-ClinicDB,0.8441896821262234,1,6899,0.05568020402892562,1,1.0,0.7847798885223524,0.6370767914072224,0.9971814699718147,"194,106,59,149"
79,540.npy,CVC-ClinicDB,0.9662585652583487,1,15327,0.1237006069214876,1,1.0,0.7479504196759711,0.6422912747653583,0.9776119402985075,"77,64,94,218"
80,545.npy,CVC-ClinicDB,0.9457233368532588,1,7021,0.05666483729338843,1,1.0,0.7618272569444444,0.6835096374029579,0.9992883575291773,"104,81,64,144"
81,547.npy,CVC-ClinicDB,0.9417382999045448,1,5377,0.04339650051652893,2,0.7031802120141343,0.7638383838383839,0.8359314441756335,1.0067900412728,"45,216,66,75"
82,574.npy,CVC-ClinicDB,0.8331028123563091,1,2524,0.02037060950413223,1,1.0,0.6168132942326491,0.7285425738465154,0.9679769894534995,"248,133,66,62"
83,579.npy,CVC-ClinicDB,0.7827400940229253,1,14448,0.11660640495867769,1,1.0,0.4686192468619247,0.4301927206817225,0.8223575616142068,"67,16,239,129"
84,580.npy,CVC-ClinicDB,0.723334665843034,1,17487,0.14113345816115702,1,1.0,0.5056969346443031,0.4714576641155472,0.8385441641891244,"55,16,247,140"
85,581.npy,CVC-ClinicDB,0.5654641125289522,1,20669,0.16681463068181818,1,1.0,0.5727229903848818,0.5499288382154988,0.867151937236475,"40,16,239,151"
86,584.npy,CVC-ClinicDB,0.8397382111095154,1,3457,0.027900632747933883,1,1.0,0.7386752136752137,0.8326878076315569,0.9978351854524462,"230,157,65,72"
87,593.npy,CVC-ClinicDB,0.9561214495592986,1,5067,0.04089456353305785,1,1.0,0.698703805846663,0.7240375895964701,0.9942117139213186,"165,252,98,74"
88,596.npy,CVC-ClinicDB,0.8754352030950185,1,2353,0.018990508780991736,1,1.0,0.7104468599033816,0.7322197360449133,1.0051260145237078,"154,238,72,46"
89,599.npy,CVC-ClinicDB,0.9062146892656426,1,4124,0.0332838326446281,1,1.0,0.7553113553113553,0.7970129342007969,1.0018219361107736,"162,250,84,65"
90,604.npy,CVC-ClinicDB,0.9082716049383284,1,7380,0.05956224173553719,1,1.0,0.6988636363636364,0.6958159915794268,0.9811220420101037,"94,196,132,80"
91,61.npy,CVC-ClinicDB,0.9651701228106198,1,2456,0.01982179752066116,1,1.0,0.7909822866344606,0.8140642694499184,1.010907594155176,"263,70,45,69"
92,72.npy,CVC-ClinicDB,0.6530221882179552,1,3218,0.025971720041322314,3,0.5478558110627719,0.7321428571428571,0.7994668554267741,0.9980186810076422,"213,255,56,43"
93,73.npy,CVC-ClinicDB,0.5587734241916359,1,3493,0.028191180268595042,3,0.42685370741482964,0.7395833333333334,0.8500051924159268,1.009478672985782,"272,261,42,48"
94,8.npy,CVC-ClinicDB,0.9583889135912336,1,27859,0.2248434271694215,1,1.0,0.5679598784938126,0.5354363375569614,0.9318170415586587,"37,162,271,181"
95,80.npy,CVC-ClinicDB,2.8636884306905395e-12,0,1445,0.01166225464876033,1,1.0,0.7456140350877193,0.7836163482853024,1.0165318325712276,"89,241,34,57"
96,86.npy,CVC-ClinicDB,0.9023843815011184,1,6833,0.05514753357438017,1,1.0,0.7395021645021645,0.7900930684042436,0.9995611468695144,"70,129,77,120"
97,87.npy,CVC-ClinicDB,0.9078301825080736,1,7170,0.057867381198347105,1,1.0,0.7260759493670886,0.6875348967958881,0.9565101387406617,"77,36,79,125"
98,9.npy,CVC-ClinicDB,0.3560074182012995,1,16020,0.12929364669421486,1,1.0,0.5068818224964404,0.4253854092405298,0.8671177266576454,"37,214,245,129"
99,cju0sr5ghl0nd08789uzf1raf.npy,Kvasir-SEG,0.7255012274959786,1,16547,0.1335469395661157,2,0.58004472109748,0.6004379105411323,0.7145012390565186,0.9669067647206971,"88,198,115,139"
100,cju16fpvhzypl0799p9phnlx6.npy,Kvasir-SEG,0.9260661475819966,1,13102,0.10574315599173553,1,1.0,0.6461826790293943,0.6213535833415832,0.8975202082477052,"144,121,137,148"
101,cju17g6ykn1cs0993dww6qdi8.npy,Kvasir-SEG,0.7650675729076479,1,38877,0.31376711002066116,2,0.9999742778506572,0.6112578616352201,0.5935204598072072,0.9144174340519117,"56,87,240,265"
102,cju17hw9hr9c5098800fu4u8e.npy,Kvasir-SEG,0.9328202661537072,1,2980,0.024050878099173553,1,1.0,0.7712215320910973,0.8860562695342101,1.0129163834126444,"124,118,69,56"
103,cju1c3218411b08014g9f6gig.npy,Kvasir-SEG,0.9475196649051584,1,19771,0.15956708419421486,2,0.9999494208689494,0.7615562403697997,0.6523817306508861,0.9519682195738534,"70,0,220,118"
104,cju1cfhyg48bb0799cl5pr2jh.npy,Kvasir-SEG,0.9842046610785444,1,20361,0.16432883522727273,1,1.0,0.7267632781267847,0.7894914176302246,0.9908993576017131,"178,27,136,206"
105,cju1dfeupuzlw0835gnxip369.npy,Kvasir-SEG,0.9543396432273448,1,8830,0.07126485020661157,1,1.0,0.7998188405797102,0.8747952914115587,1.0048364153627312,"54,134,92,120"
106,cju1dg44i4z3w0801nyz4p6zf.npy,Kvasir-SEG,0.1124638563391321,1,1103,0.008902053202479339,1,1.0,0.6688902365069739,0.32713214036543325,1.0318054256314313,"142,236,17,97"
107,cju1efbr0rqxz09931z0lf4vf.npy,Kvasir-SEG,0.9144467213115302,1,7452,0.060143336776859506,1,1.0,0.7738317757009345,0.7105292171181311,0.9351822802283993,"199,68,90,107"
108,cju1egh885m1l0855ci1lt37c.npy,Kvasir-SEG,0.9299168505007128,1,3066,0.024744963842975205,1,1.0,0.6936651583710407,0.6882008318529278,0.9755011135857461,"121,214,52,85"
109,cju1ewnoh5z030855vpex9uzt.npy,Kvasir-SEG,0.682592552145986,1,12609,0.10176426911157024,1,1.0,0.612503643252696,0.7178076261070606,0.9500452079566004,"158,74,141,146"
110,cju1ffnjn6ctm08015perkg37.npy,Kvasir-SEG,0.9183880113406404,1,25874,0.2088229597107438,1,1.0,0.6699290559784579,0.7233570413568218,0.9651236525047558,"187,18,157,246"
111,cju1fr4etsmrr09933u4t4aql.npy,Kvasir-SEG,0.9725236056536314,1,34649,0.27964391787190085,2,0.9999711391382147,0.7550557880055788,0.7896723525797914,0.985690307530369,"143,113,192,239"
112,cju1g20bdwq6u0835e16xugcd.npy,Kvasir-SEG,0.971296182392264,1,24143,0.19485246642561985,1,1.0,0.7869295958279009,0.779844149738196,0.9994825195090145,"159,81,130,236"
113,cju1hp9i2xu8e0988u2dazk7m.npy,Kvasir-SEG,0.9808362369338038,1,15919,0.12847849948347106,1,1.0,0.7196654611211574,0.7601291391827312,0.9769554144036331,"177,69,158,140"
114,cju2hfqnmhisa0993gpleeldd.npy,Kvasir-SEG,0.552343407797739,1,2319,0.018716102789256197,2,0.6554549374730487,0.7269249163079866,0.8409407755421566,1.0089611682708264,"139,155,41,51"
115,cju2hjrqcvi2j0801bx1i6gxg.npy,Kvasir-SEG,0.7847346452004033,1,1909,0.015407089359504132,2,0.7066526977475118,0.7664772727272727,0.8579175183651613,1.0150489089541008,"185,248,44,40"
116,cju2i8br1vqtd08784u6vmcjk.npy,Kvasir-SEG,0.978335084033618,1,23073,0.18621674845041322,1,1.0,0.7237907020515716,0.8203720440682435,0.9903212653175097,"115,186,198,161"
117,cju2iatlki5u309930zmgkv6h.npy,Kvasir-SEG,0.8133442969576308,1,29746,0.2400729597107438,2,0.9999663820345592,0.600181598062954,0.5785383182531706,0.9228263398743505,"170,72,177,280"
118,cju2igw4gvxds0878808qj398.npy,Kvasir-SEG,0.8086026200873572,1,54365,0.43876711002066116,2,0.9999816058125632,0.5894777931991673,0.4478695992095152,0.8559777046495882,"39,0,262,352"
119,cju2mh8t6p07008350e01tx2a.npy,Kvasir-SEG,0.6612473231066557,1,7714,0.0622578770661157,1,1.0,0.7245233399079553,0.824541066184692,0.9942643552233035,"151,106,91,117"
120,cju2nnqrqzp580855z8mhzgd6.npy,Kvasir-SEG,0.7597702443969123,1,71503,0.5770838713842975,2,0.9999860145728151,0.6365918803418803,0.6677821010001773,0.9360860913280268,"1,32,351,320"
121,cju2oq5570avm079959o20op1.npy,Kvasir-SEG,0.9768750513431412,1,24555,0.1981776213842975,2,0.9999592750967217,0.7957093784431913,0.6761171433158384,0.9358361124344926,"105,213,222,139"
122,cju2p4ddkmzxj0993p94o62av.npy,Kvasir-SEG,0.9731859682844916,1,10501,0.08475109762396695,1,1.0,0.7667202102803738,0.818336804962242,1.0013349861733576,"148,183,107,128"
123,cju2pmhtr17a00855cvpelzb0.npy,Kvasir-SEG,0.9721485411140692,1,12609,0.10176426911157024,1,1.0,0.7236570247933884,0.8411006299535378,0.9999603473571513,"182,186,121,144"
124,cju2qozsk20cq0855ugrg3cri.npy,Kvasir-SEG,0.9500000000000196,1,13045,0.10528312241735537,1,1.0,0.6464961839627317,0.7337670238095352,0.9790970840995235,"209,120,118,171"
125,cju2qvuj1s9ok0835tp2k4ozh.npy,Kvasir-SEG,0.5128452213464813,1,38459,0.3103935304752066,1,1.0,0.6279430493419978,0.6231151385507845,0.8947803124600119,"119,81,226,271"
126,cju2r6mt2om21099352pny5gw.npy,Kvasir-SEG,0.9765438008616594,1,37791,0.3050022598140496,1,1.0,0.7473303274798292,0.645464474254755,0.9307440336920917,"110,1,196,258"
127,cju2r91dg2k090801bh0xzbxk.npy,Kvasir-SEG,0.962466254463152,1,5814,0.04692342458677686,1,1.0,0.6949557733683959,0.844979467538469,1.0097255991663772,"56,78,89,94"
128,cju2ricdv2iys0878sv1adh0u.npy,Kvasir-SEG,0.4175108414323188,1,92319,0.7450849044421488,2,0.9999891679935875,0.829959004602992,0.7230757447434668,0.957640700611505,"7,0,316,352"
129,cju2rmd2rsw9g09888hh1efu0.npy,Kvasir-SEG,0.8491048593358101,1,855,0.006900503615702479,1,1.0,0.7702702702702703,0.8500399215573281,1.0178571428571428,"206,85,30,37"
130,cju2rn0hasxri0835nfy3buay.npy,Kvasir-SEG,0.908619718309962,1,4130,0.03333225723140496,1,1.0,0.8079029733959311,0.8598365993092351,1.001333494969087,"132,276,71,72"
131,cju2ro5jqsy680988pi6qsujw.npy,Kvasir-SEG,0.1714987379769522,1,26803,0.21632069989669422,2,0.9999626907435735,0.5563582015194919,0.43658480739883115,0.898310765518166,"144,93,186,259"
132,cju2suk42469908015ngmq6f2.npy,Kvasir-SEG,0.9744095331990336,1,11684,0.09429881198347108,1,1.0,0.7755725190839695,0.8319857674873228,0.9910513592603588,"136,118,131,115"
133,cju2syxa93yw40799x2iuwabz.npy,Kvasir-SEG,0.9356494275563844,1,2645,0.02134717200413223,1,1.0,0.6909613375130617,0.7326506454679708,0.9735001840264998,"144,151,58,66"
134,cju2t3ibkuecr0835o7si16zv.npy,Kvasir-SEG,0.9422258260693877,1,4733,0.03819892820247934,1,1.0,0.7326625386996904,0.8304271934023824,0.9948502364687336,"143,142,76,85"
135,cju2tpfa5uyx408359datxqqj.npy,Kvasir-SEG,0.9145629400652951,1,12591,0.10161899535123967,1,1.0,0.6866070454793325,0.6880327325982877,0.9768037238169124,"68,40,106,173"
136,cju2tvrvm53ws0801a0jfjdxg.npy,Kvasir-SEG,0.6639431762194811,1,16372,0.13213455578512398,1,1.0,0.7007361753124465,0.5431653552293255,0.9308619513304526,"1,43,236,99"
137,cju2uokeg5jm20799xwgsyz89.npy,Kvasir-SEG,0.9520709452532355,1,38619,0.3116848527892562,1,1.0,0.6914276506606509,0.6048528268256435,0.9096026568057093,"76,123,261,214"
138,cju2wve9v7esz0878mxsdcy04.npy,Kvasir-SEG,0.9491822429906912,1,6805,0.05492155216942149,1,1.0,0.7701448619284744,0.8576525619253506,1.0049472051982573,"88,98,94,94"
139,cju2wx0gh7fpz0878wwyd9ep8.npy,Kvasir-SEG,0.9714749222658028,1,7315,0.059037642045454544,1,1.0,0.6962687987816486,0.8242630106807068,0.9967297997002317,"173,158,102,103"
140,cju2xjz2ju8pe0993ysv9wg17.npy,Kvasir-SEG,0.940222897669721,1,19187,0.1548537577479339,1,1.0,0.6789455060155697,0.6978694724803188,0.9331290730473689,"80,145,157,180"
141,cju2y26c588bo07993ksd8eoz.npy,Kvasir-SEG,0.9695649806718736,1,9122,0.07362151342975207,1,1.0,0.7154509803921568,0.8049751988657385,0.9896929586633395,"203,226,102,125"
142,cju2y5zas8m7f0801d34g5owq.npy,Kvasir-SEG,0.8839730298924323,1,33588,0.2710808367768595,3,0.8673931165892581,0.7493312757201646,0.684331025156045,0.9701147128848043,"5,109,160,243"
143,cju2yo1j1v0qz09934o0e683p.npy,Kvasir-SEG,0.9712893543133309,1,37807,0.30513139204545453,2,0.9999735498717168,0.6789870689655172,0.6483116579066115,0.9511780911526801,"160,62,192,290"
144,cju2yyhsp933j0855hp32e012.npy,Kvasir-SEG,0.9625814091178284,1,24700,0.19934788223140495,1,1.0,0.7657490079365079,0.699199112660075,0.9914701455092825,"221,51,126,256"
145,cju2zdvjn9h7r08553cp4eed5.npy,Kvasir-SEG,0.7150200424429545,1,7649,0.061733277376033055,1,1.0,0.7429098679098679,0.8553695616199011,1.0007195656440113,"36,131,104,99"
146,cju300m3s04fg0988uzupuf7z.npy,Kvasir-SEG,0.9809189578636714,1,21378,0.17253680268595042,1,1.0,0.7735562310030395,0.6795288341228058,0.928771586836103,"34,1,196,141"
147,cju302fqq9spc0878rrygyzzz.npy,Kvasir-SEG,0.787979752675127,1,27445,0.22150213068181818,1,1.0,0.7973793544263343,0.7933180885939719,0.9893120415262333,"31,5,149,231"
148,cju303j5r062k098835zxfds5.npy,Kvasir-SEG,0.9808110590168782,1,10222,0.08249935433884298,1,1.0,0.7535014005602241,0.8550012148378445,0.9925717337476332,"108,78,119,114"
149,cju306x7w05nb0835cunv799x.npy,Kvasir-SEG,0.9323617339312588,1,19696,0.15896177685950413,1,1.0,0.7805960684844642,0.8636146852408051,0.9986816752864821,"65,19,152,166"
150,cju30qbm1ad3x0855znuhpz9u.npy,Kvasir-SEG,0.9769873126911838,1,38077,0.30731049845041325,2,0.9999737374267931,0.7600606834877036,0.7485016141937981,0.9672306050906874,"42,104,202,248"
151,cju31t8xd17bk0835rnb893jk.npy,Kvasir-SEG,8.196721311408225e-12,0,717,0.00578673811983471,2,0.708507670850767,0.7616191904047976,0.8883698288962163,1.0506721820062048,"237,269,29,23"
152,cju323ypb1fbb0988gx5rzudb.npy,Kvasir-SEG,0.9532487852176744,1,47052,0.3797456095041322,2,0.9999787469183031,0.7707466500671625,0.7357873420374832,0.9632321329866727,"25,119,262,233"
153,cju32csyfblyh080170aa3x5p.npy,Kvasir-SEG,0.9602434602434732,1,14880,0.12009297520661157,1,1.0,0.7931769722814499,0.8607409761075089,0.9981552909609257,"108,129,140,134"
154,cju32fhnhbds40799broyoptc.npy,Kvasir-SEG,0.9684877276326456,1,6324,0.051039514462809916,1,1.0,0.7374067164179104,0.6980018892495429,0.9740469772814786,"164,86,67,128"
155,cju336l68y7if0993wf092166.npy,Kvasir-SEG,0.8972805202483193,1,28000,0.2259814049586777,1,1.0,0.6406149903907752,0.6974065750666801,0.9418254595603693,"82,122,223,196"
156,cju34sh43d8zm08019xbwhc0o.npy,Kvasir-SEG,0.9738010810066534,1,14512,0.11712293388429752,1,1.0,0.5998677248677249,0.5889935294891664,0.8620392646054233,"61,138,128,189"
157,cju3u815rg4ek0850vvhtcvcm.npy,Kvasir-SEG,0.9809686547867692,1,55567,0.44846816890495866,1,1.0,0.7531444835998916,0.7460486887392599,0.9692566654165831,"10,53,340,217"
158,cju3x5u2tiihx0818914gzxy1.npy,Kvasir-SEG,0.9743674005915256,1,29707,0.23975819989669422,2,0.9999663379001582,0.8430343105258677,0.8538553043339041,1.0021590985763444,"115,141,167,211"
159,cju3xga12iixg0817dijbvjxw.npy,Kvasir-SEG,0.960587633553086,1,36014,0.29066051136363635,1,1.0,0.693871259850105,0.7053220897327295,0.9262026309360011,"1,5,237,219"
160,cju3xjqtpikx50817tppy6g84.npy,Kvasir-SEG,0.9522061756961748,1,18195,0.14684755940082644,1,1.0,0.6723946784922394,0.7961081740027759,0.9913640450050399,"180,114,165,164"
161,cju3y0pjrj1c30755nxekxccj.npy,Kvasir-SEG,0.9773134958320384,1,4720,0.03809400826446281,1,1.0,0.6915750915750916,0.792807561270399,1.004255319148936,"208,71,75,91"
162,cju40r6jrksyk0871wg98zgho.npy,Kvasir-SEG,0.9667190332326364,1,20673,0.16684691373966942,1,1.0,0.7591436545240893,0.7974567733085312,0.9830943719238177,"133,132,148,184"
163,cju40u30gkuzc0871rq7t666d.npy,Kvasir-SEG,0.9628671716238912,1,8215,0.06630133006198347,1,1.0,0.7048477048477049,0.8422810435039016,0.9987841945288753,"151,35,105,111"
164,cju42nm68lpyo0818xvvqmupq.npy,Kvasir-SEG,0.9323726572119266,1,20473,0.16523276084710745,1,1.0,0.6701034302173344,0.7051750486001589,0.9915246028671058,"52,21,134,228"
165,cju43b8daly4408170e5ev06g.npy,Kvasir-SEG,0.9832498632212484,1,23993,0.19364185175619836,1,1.0,0.6375690901360545,0.6885815674506773,0.9520276168558051,"77,102,168,224"
166,cju43c92lm5cj0755lorsorfg.npy,Kvasir-SEG,0.2246600505142678,1,5375,0.043380358987603305,3,0.7415813953488372,0.7223631750634287,0.8092217973727821,1.0016333710265108,"190,37,62,89"
167,cju43h43am1dy08176gwfhmnt.npy,Kvasir-SEG,0.9650007201498416,1,3448,0.027827995867768594,1,1.0,0.7168399168399169,0.8355334202963514,1.004076878276063,"149,111,65,74"
168,cju43kj2pm34f0850l28ahpni.npy,Kvasir-SEG,0.9226480836239628,1,1507,0.012162642045454546,1,1.0,0.7626518218623481,0.8326376176397405,1.012768817204301,"234,168,38,52"
169,cju43lcnum9y10755bjs7z87f.npy,Kvasir-SEG,0.9675582223126538,1,4989,0.04026504390495868,1,1.0,0.778558052434457,0.8491237404478931,1.0005013536548681,"141,141,72,89"
170,cju45jpvfn6c809873pv1i34s.npy,Kvasir-SEG,0.9019075419184368,1,15848,0.12790547520661158,1,1.0,0.7591856287425149,0.8321582603219103,1.0002840281503456,"72,76,125,167"
171,cju45n0oxn5vu08500yfrt9jn.npy,Kvasir-SEG,0.9481293262069797,1,11963,0.09655055526859505,1,1.0,0.6415165165165165,0.7078023906484853,0.9669805601584286,"212,168,111,168"
172,cju5bf6hxa6m50817rbwettgu.npy,Kvasir-SEG,0.9683223992502492,1,10769,0.0869140625,1,1.0,0.6908962597035991,0.7531476897109349,0.9689580709015656,"186,70,109,143"
173,cju5cetivauok0987ok3e5bre.npy,Kvasir-SEG,0.9176217991222514,1,16926,0.13660575929752067,1,1.0,0.7632575757575758,0.8217490805141775,0.9899113957364681,"136,141,126,176"
174,cju5ddda9bkkt0850enzwatb1.npy,Kvasir-SEG,0.937283093703598,1,4234,0.03417161673553719,1,1.0,0.6610460577673692,0.6544151016057922,0.9764760147601476,"133,50,105,61"
175,cju5enq1tcn1i0755hnkon787.npy,Kvasir-SEG,0.9452548577865544,1,17916,0.1445958161157025,1,1.0,0.6710112359550562,0.6258626937154851,0.9104815144200229,"116,67,178,150"
176,cju5ew4h9cqaf0818rrczkmqh.npy,Kvasir-SEG,0.9563268727440758,1,30020,0.2422843491735537,1,1.0,0.7484417850909998,0.8201768057756835,0.9803729466705855,"104,46,191,210"
177,cju5eyfe9cpk90987laa7tsl3.npy,Kvasir-SEG,0.9505817513778396,1,33773,0.27257392820247933,1,1.0,0.7549400929899857,0.835576671091822,0.9865626734437531,"88,41,192,233"
178,cju5fs6j6d8350801vglraq4u.npy,Kvasir-SEG,0.9591652984481828,1,28150,0.22719201962809918,1,1.0,0.7557452749140894,0.7326451829198319,0.9523970633014176,"42,96,192,194"
179,cju5ft6mcd5q40987rhjgbrr6.npy,Kvasir-SEG,0.9721332285558932,1,16462,0.13286092458677687,1,1.0,0.6777832674571805,0.7978840854669896,0.9986350814401408,"117,141,138,176"
180,cju5fu081d8gc0818l3yylujk.npy,Kvasir-SEG,0.93788424846305,1,6911,0.05577705320247934,1,1.0,0.6917225502952657,0.7899822884639849,1.0009414150191904,"44,174,103,97"
181,cju5h57xedz5h0755mjpc8694.npy,Kvasir-SEG,0.9797826391357288,1,47314,0.38186014979338845,2,0.9999788646066703,0.7911872909698997,0.7862420512591256,0.978046511627907,"0,40,230,260"
182,cju5i5oh2efg60987ez6cpf72.npy,Kvasir-SEG,0.9849867285998694,1,36445,0.2941390108471074,1,1.0,0.6765989046690801,0.7584883760242823,0.9893450967085171,"142,57,189,285"
183,cju5jz5fff8c50871hbe6108f.npy,Kvasir-SEG,0.9792202537498976,1,17622,0.14222301136363635,1,1.0,0.7866964285714285,0.8415836399696436,0.9974246497806707,"97,66,175,128"
184,cju5k503sfa5f0871lx0rpu5y.npy,Kvasir-SEG,0.9701373321996418,1,19342,0.15610472623966942,1,1.0,0.6609486057955167,0.6384662950383131,0.9687711301995943,"226,84,124,236"
185,cju5nyu31gv8e0871zpk74a2n.npy,Kvasir-SEG,0.9556266758931272,1,6000,0.048424586776859506,1,1.0,0.7836990595611285,0.8836397946376094,1.006204930404159,"201,140,88,87"
186,cju5von04litr08718j8po40a.npy,Kvasir-SEG,0.947926984576236,1,7284,0.05878744834710744,1,1.0,0.583934583934584,0.45844192904069453,0.9380553766902768,"240,75,66,189"
187,cju5vxuc5loxw0818u8xgf45p.npy,Kvasir-SEG,0.9603696329965214,1,13104,0.10575929752066116,1,1.0,0.7202770296267795,0.8121938324008489,0.9937812831791294,"159,102,113,161"
188,cju5wrrs0m2af0818vmnajbtw.npy,Kvasir-SEG,0.9385412810071482,1,2812,0.02269498966942149,1,1.0,0.7334376630151278,0.8154614101742065,1.0041064095697196,"189,199,54,71"
189,cju5y7buemcw80987p0r30g9f.npy,Kvasir-SEG,0.9831778814123964,1,18106,0.14612926136363635,1,1.0,0.622884271363699,0.6664982471160437,0.887157626537312,"14,120,172,169"
190,cju5y84q3mdv50817eyp82xf3.npy,Kvasir-SEG,0.9559066257958548,1,4329,0.034938339359504134,1,1.0,0.7346003733242831,0.8043225459924744,0.9911848883800801,"182,154,71,83"
191,cju6uy20suzbl0987rzuhz7z9.npy,Kvasir-SEG,0.9311823104693296,1,21431,0.17296455320247933,1,1.0,0.7746891266628109,0.793274453119705,0.9917397440940328,"119,95,133,208"
192,cju6vta3kvazg0817qbeppjtm.npy,Kvasir-SEG,0.9692244422358598,1,29147,0.23523857179752067,1,1.0,0.6971131998756308,0.7330051171865254,0.955655010737881,"145,37,181,231"
193,cju6wll7wvo3y08502pagos8m.npy,Kvasir-SEG,0.982406626837228,1,27617,0.2228903021694215,1,1.0,0.609377758164166,0.6829988220325488,0.9358522534733988,"49,43,206,220"
194,cju6wn57mvooj0850rp78hhy7.npy,Kvasir-SEG,0.8700902112400025,1,39885,0.32190244059917356,1,1.0,0.6672856856053001,0.5382815838521027,0.8951254544638448,"115,1,204,293"
195,cju6z7e4bwgdd0987ogkzq9kt.npy,Kvasir-SEG,0.6896215620630399,1,18259,0.1473640883264463,1,1.0,0.5994812528728085,0.6803307143088814,0.9395631255306558,"175,142,157,194"
196,cju7787c5yy3l080159mwqsnj.npy,Kvasir-SEG,0.887567340656344,1,7005,0.05653570506198347,1,1.0,0.6622234826999432,0.7178079705707936,0.962555822741326,"238,119,86,123"
197,cju7agj961l2r0818z29iq8yn.npy,Kvasir-SEG,0.8691562543872883,1,8051,0.06497772469008264,1,1.0,0.7842392363140464,0.8353786683126513,1.0008080054695754,"171,126,87,118"
198,cju7amjna1ly40871ugiokehb.npy,Kvasir-SEG,0.9619770748439032,1,17577,0.1418598269628099,1,1.0,0.7304271941489362,0.791046844985759,0.9993177554153164,"164,134,128,188"
199,cju7atnm31if40817pqclnjer.npy,Kvasir-SEG,0.8439842096230209,1,20145,0.16258555010330578,2,0.9999503598907917,0.489288316735487,0.4480515761342543,0.734914264866837,"36,122,179,230"
200,cju7awzmu1ncs0871hziy65zx.npy,Kvasir-SEG,0.9698354661791744,1,9900,0.07990056818181818,1,1.0,0.7658389417498259,0.8191656083311663,1.0002020610224287,"183,91,93,139"
201,cju7b3f5h1sm40755i572jden.npy,Kvasir-SEG,0.9639909553420112,1,18173,0.14667000258264462,2,0.9999449733120563,0.6696885940667036,0.6716184939145642,0.9704413767322635,"137,217,201,135"
202,cju7ctvqn25dy08186g442m1r.npy,Kvasir-SEG,0.92953523238383,1,17120,0.13817148760330578,1,1.0,0.5728243048817212,0.5216737560548441,0.7980793883877584,"130,11,143,209"
203,cju7cufm7298k0755j09uf3of.npy,Kvasir-SEG,0.9575026605179292,1,14635,0.11811563791322315,1,1.0,0.7580937580937581,0.849434231496255,0.99931717309662,"91,117,135,143"
204,cju7d3oc82cho0755dajlwldz.npy,Kvasir-SEG,0.9308179235408636,1,21306,0.1719557076446281,1,1.0,0.7213569880823402,0.7446390348172478,0.971966880317511,"58,56,142,208"
205,cju7d5m0p23kn09871rk7pu3v.npy,Kvasir-SEG,0.6152968036530243,1,47073,0.37991509555785125,2,0.9999787563996346,0.5521771771771772,0.6142090912311969,0.9139573038725524,"96,19,256,333"
206,cju7d9seq29zd0871nzl2uu5m.npy,Kvasir-SEG,0.6322647965250755,1,27970,0.22573928202479338,1,1.0,0.6772069149193743,0.6449952966037072,0.9295292534188532,"96,38,193,214"
207,cju7f9umg2olj0987fj5y285w.npy,Kvasir-SEG,0.9853704577630998,1,18131,0.14633103047520662,1,1.0,0.6550216763005781,0.7758383448907412,0.972849707570961,"144,81,160,173"
208,cju7fazv92ywx0755xov2erga.npy,Kvasir-SEG,0.9908555467848696,1,41381,0.3339763042355372,2,0.9999758343200986,0.7963971592986778,0.8617871112917438,0.9977094635322483,"57,119,223,233"
209,cju7fnfv02tt90801djnix9m8.npy,Kvasir-SEG,0.9529905098213352,1,2358,0.019030862603305786,1,1.0,0.7403453689167975,0.8308196350514027,1.0006365372374284,"126,129,49,65"
210,cju7frtqu2xa20818wq8r9fzf.npy,Kvasir-SEG,0.9528829115362004,1,22006,0.17760524276859505,2,0.9999545578478597,0.6714983216356424,0.5511975595350329,0.8715369229855239,"82,126,145,226"
211,cju83h9ysjwe808716nt35oah.npy,Kvasir-SEG,0.9048395867320058,1,5812,0.04690728305785124,1,1.0,0.6896060749881348,0.7462824392700925,0.9663313658658242,"172,206,98,86"
212,cju83ipu3jwpx0801z5pvguf8.npy,Kvasir-SEG,0.9348784481673575,1,3775,0.03046713584710744,1,1.0,0.6741071428571429,0.6833304217284943,0.9795018162947587,"114,259,100,56"
213,cju83nwu1jxte0987h1krpfmv.npy,Kvasir-SEG,0.9714697528509172,1,11665,0.09414546745867769,1,1.0,0.7065414900060569,0.8161979195231047,0.9850116107240869,"173,156,127,130"
214,cju83syhdk6gs0801rf1rekdl.npy,Kvasir-SEG,0.8229908443540827,1,11425,0.09220848398760331,1,1.0,0.7221871049304678,0.8207869488658072,0.990936293854894,"171,46,113,140"
215,cju83yddek68q0850d2x7zfkm.npy,Kvasir-SEG,0.9132391059813388,1,22013,0.1776617381198347,1,1.0,0.6818759099216306,0.7570021568138027,0.9787470543773065,"64,130,153,211"
216,cju8567gdlcbq0801dwwyo2jt.npy,Kvasir-SEG,0.9777706870878566,1,37231,0.30048263171487605,2,0.9999731406623512,0.7674706246134818,0.7875617601273925,0.9680690623537366,"70,142,231,210"
217,cju85a8h8llwm07559wxg4t5w.npy,Kvasir-SEG,0.9243576297850522,1,7266,0.05864217458677686,1,1.0,0.7234169653524493,0.7281731316919807,0.9616199047114875,"92,149,81,124"
218,cju85mpuglq8k0818d2it6hzb.npy,Kvasir-SEG,0.8790385047850181,1,22331,0.18022824121900827,1,1.0,0.7491612989801396,0.7510827402499936,0.9837011585392714,"77,11,138,216"
219,cju85plp7lmkw0850rx42jdpf.npy,Kvasir-SEG,0.832494362849676,1,38025,0.3068908186983471,2,0.999973701512163,0.6803120303442353,0.6796414367592143,0.9824434482669526,"174,0,178,314"
220,cju87kbcen2av0987usezo8kn.npy,Kvasir-SEG,0.3146410648048792,1,7556,0.06098269628099173,2,0.8883006881948121,0.6263531168346398,0.6833669416608248,0.9302196659968124,"67,78,94,114"
221,cju87r56lnkyp0755hz30leew.npy,Kvasir-SEG,0.9495063692174276,1,38177,0.3081175748966942,1,1.0,0.7465777534418022,0.8027423075898096,0.9907097443882185,"128,44,188,272"
222,cju87vqa0ndwg0850onjdz7ol.npy,Kvasir-SEG,0.8670529600064921,1,83463,0.6736102143595041,2,0.9999880186429915,0.6736021435950413,0.6659118576563499,0.9214683963566106,"0,0,352,352"
223,cju888fr7nveu0818r9uwtiit.npy,Kvasir-SEG,0.8563138022654677,1,16298,0.13153731921487602,1,1.0,0.728434790381693,0.7019034378835007,0.9699169815812182,"199,67,113,198"
224,cju88t4fvokxf07558ymyh281.npy,Kvasir-SEG,0.9559263340154605,1,6553,0.05288771952479339,1,1.0,0.819125,0.8715646360226803,1.001834581868216,"122,181,80,100"
225,cju8aqq8uqmoq0987hphto9gg.npy,Kvasir-SEG,0.8872733373411597,1,32887,0.26542323088842973,1,1.0,0.7170547706261992,0.7346268834192556,0.9702038528483347,"133,55,182,252"
226,cju8ashhnquqr0801rwduzt7d.npy,Kvasir-SEG,0.9370761337501108,1,8952,0.07224948347107438,1,1.0,0.6413066838598753,0.7535509821946739,0.971459576776994,"83,153,99,141"
227,cju8bafgqrf4x0818twisk3ea.npy,Kvasir-SEG,0.972413634163773,1,21688,0.1750387396694215,1,1.0,0.6625122189638318,0.7784083608153162,0.969577754431455,"75,95,186,176"
228,cju8bgdmqrksy0801tozdmraa.npy,Kvasir-SEG,0.9661164205039424,1,5287,0.04267013171487603,1,1.0,0.7862879238548484,0.8307665190194258,0.9946383218888157,"166,24,82,82"
229,cju8bk8oirjhw0817hgkua2w8.npy,Kvasir-SEG,0.9834429389808748,1,36545,0.29494608729338845,1,1.0,0.6279209621993127,0.6141359506626733,0.8909611751081855,"39,32,194,300"
230,cju8bn7m2rmm70817hgxpb1uq.npy,Kvasir-SEG,0.9583960083648312,1,27787,0.22426233212809918,1,1.0,0.6211884109809532,0.6275874781259421,0.9160650117034254,"125,85,211,212"
231,cju8bysfgrzkl081786jwac09.npy,Kvasir-SEG,0.9851303686285392,1,21536,0.17381198347107438,1,1.0,0.8059880239520958,0.8738126700554714,1.0005807605640347,"116,136,160,167"
232,cju8c2rqzs5t80850d0zky5dy.npy,Kvasir-SEG,0.5941550746568716,1,38556,0.31117639462809915,1,1.0,0.5830951408738261,0.5906279714842216,0.8998949702415684,"114,63,237,279"
233,cju8c3xs7sauj0801ieyzezr5.npy,Kvasir-SEG,0.960061903170786,1,28114,0.22690147210743802,1,1.0,0.7988747442600591,0.7483234060666542,0.959456692375947,"39,48,166,212"
234,cju8d2q30tfhs0801n7lx77xl.npy,Kvasir-SEG,0.9816320673490908,1,21022,0.1696636105371901,1,1.0,0.7153259833945829,0.8120629461007269,0.9870873831995116,"183,147,158,186"
235,cju8dic9mtppa0987swn23wbc.npy,Kvasir-SEG,0.9815869210535108,1,30321,0.2447136492768595,2,0.9999670195574024,0.6451063829787234,0.7296486018723846,0.9871559035634635,"13,164,250,188"
236,cju8djdqztu6408506pzhlo18.npy,Kvasir-SEG,0.93769826164195,1,11103,0.08960969783057851,1,1.0,0.7669936446532192,0.7405819847076294,0.9891754643859415,"204,19,94,154"
237,cjyzk8qieoboa0848ogj51wwm.npy,Kvasir-SEG,0.8615917954644073,1,58651,0.47335840650826444,1,1.0,0.6783756274722987,0.7167884958098941,0.9468696522553356,"26,14,278,311"
238,cjyzurzvohqnr0794es1itzek.npy,Kvasir-SEG,0.9517357724648888,1,18241,0.1472188145661157,1,1.0,0.7972465034965035,0.7735042193678068,0.9985766683089725,"161,90,110,208"
239,ck2395w2mb4vu07480otsu6tw.npy,Kvasir-SEG,0.9774583676312362,1,15440,0.12461260330578512,1,1.0,0.7632229362333168,0.7210509489593766,0.9648190964194213,"171,168,119,170"
240,ck2bxknhjvs1x0794iogrq49k.npy,Kvasir-SEG,0.379558241300594,1,14841,0.11977821539256199,2,0.9559328886193653,0.7793770257649838,0.8087619362734929,0.9986273888712913,"223,91,109,167"
241,ck2bxpfgxu2mk0748gsh7xelu.npy,Kvasir-SEG,0.6651470588237757,1,8256,0.06663223140495868,1,1.0,0.4161290322580645,0.37169982477962304,0.7554904831625183,"221,174,128,155"
