sample_idx,filename,Dice,IoU,Precision,Recall,det,tp,fp,fn,gt_px,pred_px
0,112.npy,0.9779102202047891,0.9567752652812297,0.9767763818225949,0.9790466939568517,1,28222.0,671.0,604.0,28826,28893
1,12.npy,0.9737793046976567,0.9488985255854471,0.9934260705335439,0.9548945677978093,1,27352.0,181.0,1292.0,28644,27533
2,125.npy,0.8595740635102398,0.7537307211340111,0.959155527265055,0.7787252368649623,1,9041.0,385.0,2569.0,11610,9426
3,126.npy,0.8869999076042285,0.7969450439981762,0.975708913507495,0.8130769882274811,1,9600.0,239.0,2207.0,11807,9839
4,128.npy,0.9736599219027521,0.9486718317654279,0.9568797097405012,0.9910391675097687,1,6857.0,309.0,62.0,6919,7166
5,139.npy,0.9787417905288673,0.9583685902860221,0.9660113437673393,0.9918122509742143,1,22652.0,797.0,187.0,22839,23449
6,143.npy,0.9460882888059503,0.8976921679085995,0.9287460048882709,0.9640905542545588,1,4940.0,379.0,184.0,5124,5319
7,145.npy,0.9854853461645553,0.9713860144245957,0.9896174426962744,0.9813876128623549,1,24782.0,260.0,470.0,25252,25042
8,152.npy,0.9316408043338693,0.8720295646943097,0.9960732341824984,0.8750377301539929,1,20293.0,80.0,2898.0,23191,20373
9,158.npy,0.9740617017095952,0.9494349741429814,0.9647722849358412,0.9835317460317787,1,4957.0,181.0,83.0,5040,5138
10,16.npy,0.9730188359070235,0.9474553866490996,0.9789437741862292,0.9671651861014651,1,8601.0,185.0,292.0,8893,8786
11,161.npy,0.9413667610190843,0.8892284186404654,0.8974556669239335,0.9897959183673759,1,3492.0,399.0,36.0,3528,3891
12,162.npy,0.931392174704339,0.8715940054498099,0.9709732498577671,0.8949116978494581,1,5118.0,153.0,601.0,5719,5271
13,165.npy,0.6960052546726602,0.5337485117689039,0.6836363636367346,0.7088299683778778,1,5828.0,2697.0,2394.0,8222,8525
14,168.npy,0.9381336999484979,0.883476290662108,0.897566589937689,0.9825413966882963,1,5459.0,623.0,97.0,5556,6082
15,17.npy,0.9720448246776805,0.9456101277693438,0.9857038123167243,0.9587592108391022,1,16134.0,234.0,694.0,16828,16368
16,189.npy,0.9603902110840464,0.9237987380683971,0.9330065359478219,0.9894299081615154,1,5710.0,410.0,61.0,5771,6120
17,198.npy,0.9586052202284272,0.9205012727630302,0.9749066777271362,0.9428399518653373,1,4701.0,121.0,285.0,4986,4822
18,202.npy,0.8940249702735628,0.8083590915202146,0.8214968587819974,0.9805999347897284,1,6015.0,1307.0,119.0,6134,7322
19,21.npy,0.666771995655245,0.500118504473692,0.9848316900997697,0.5040007165463952,1,16881.0,260.0,16613.0,33494,17141
20,210.npy,0.7273475789061503,0.5715209957178066,0.9489973398813438,0.5896319369399309,1,18551.0,997.0,12911.0,31462,19548
21,220.npy,0.9689564666485936,0.9397823033708922,0.9699220873347165,0.9679927667270019,1,5353.0,166.0,177.0,5530,5519
22,226.npy,0.9609821728893702,0.9248947879573893,0.9416611733685866,0.9811126373626697,1,5714.0,354.0,110.0,5824,6068
23,245.npy,0.8274314701005622,0.705657237937017,0.7257636690342041,0.9622234826999861,1,8482.0,3205.0,333.0,8815,11687
24,250.npy,0.9087032856784931,0.8326821420364416,0.8691028306413968,0.9520847932726418,1,10869.0,1637.0,547.0,11416,12506
25,252.npy,0.9009050823857426,0.819679054054181,0.8869088416724644,0.9153501532658057,1,11646.0,1485.0,1077.0,12723,13131
26,255.npy,0.9714238723736747,0.9444355612408281,0.9482260394927162,0.9957852145325821,1,23626.0,1290.0,100.0,23726,24916
27,257.npy,0.9572369477911715,0.9179812669460445,0.9250783991058077,0.9917118796391866,1,29794.0,2413.0,249.0,30043,32207
28,265.npy,0.9443171865525931,0.8945084399630191,0.9131865268095924,0.9776452535397999,1,28033.0,2665.0,641.0,28674,30698
29,266.npy,0.9663431689703679,0.9348781335946844,0.9445225167678235,0.9891958790473678,1,29573.0,1737.0,323.0,29896,31310
30,278.npy,0.9272479032574074,0.8643636363641296,0.9662601626017632,0.8912635920514014,1,2377.0,83.0,290.0,2667,2460
31,279.npy,0.7413609782034272,0.5890179514264223,0.6268824454942079,0.9069918699190016,1,2789.0,1660.0,286.0,3075,4449
32,282.npy,0.9615467703608106,0.9259413355524736,0.9490405117271875,0.9743870402802662,1,4451.0,239.0,117.0,4568,4690
33,298.npy,0.961377447670519,0.9256273566507273,0.9868311616301818,0.937203791469277,1,7119.0,95.0,477.0,7596,7214
34,312.npy,7.0028011203991405e-12,7.0028011203991405e-12,3.3333333222222224e-09,7.017543859599878e-12,0,0.0,3.0,1425.0,1425,3
35,314.npy,0.970672500911616,0.9430161943320415,0.9814600231749906,0.9601195383347484,1,9317.0,176.0,387.0,9704,9493
36,319.npy,0.8689980068855426,0.7683434796546993,0.9892739273927835,0.7747980613900652,1,2398.0,26.0,697.0,3095,2424
37,321.npy,0.9751525070674192,0.95150987224165,0.9729809976247432,0.9773337309872094,1,6554.0,182.0,152.0,6706,6736
38,325.npy,0.9660370158367048,0.9343052223658713,0.9395064019299694,0.9941095621441309,1,5063.0,326.0,30.0,5093,5389
39,332.npy,0.9517365074189208,0.9079172499612569,0.9940395095367949,0.9128870816391729,1,5837.0,35.0,557.0,6394,5872
40,334.npy,0.9187500000000706,0.8497109826592009,0.9911968533433392,0.8561721404305838,1,5292.0,47.0,889.0,6181,5339
41,342.npy,0.9723756906077504,0.946236559139844,0.9804456571168936,0.9644374860210642,1,8624.0,172.0,318.0,8942,8796
42,343.npy,0.9448373408769773,0.8954423592494465,0.9200045908413633,0.9710478497880423,1,8016.0,697.0,239.0,8255,8713
43,346.npy,0.8981373070783415,0.8151081916541439,0.8283919104656815,0.9807066480707096,1,4219.0,874.0,83.0,4302,5093
44,347.npy,0.8288206295033532,0.707680352286352,0.722464630438024,0.9718961223764285,1,5464.0,2099.0,158.0,5622,7563
45,36.npy,0.930561508787044,0.8701402805613825,0.8948887056885926,0.9691964285714973,1,4342.0,510.0,138.0,4480,4852
46,367.npy,0.915147705845558,0.8435689455394223,0.967227635075433,0.8683896620283563,1,2184.0,74.0,331.0,2515,2258
47,37.npy,0.9504421825463316,0.9055643879174292,0.9350990478275856,0.9662972178240599,1,8544.0,593.0,298.0,8842,9137
48,372.npy,0.7871198568880604,0.6489675516244898,0.6646525679778571,0.9649122807020621,1,1100.0,555.0,40.0,1140,1655
49,375.npy,0.7400419287220823,0.5873544093200923,0.5906302286693216,0.9906454630496665,1,1059.0,734.0,10.0,1069,1793
50,378.npy,0.8544524053227135,0.745889921373317,0.7539739884401951,0.9858290033066328,1,2087.0,681.0,30.0,2117,2768
51,384.npy,0.9082703848082577,0.8319554330755825,0.9936296715741811,0.8364167188012523,1,28076.0,180.0,5491.0,33567,28256
52,391.npy,0.9124402651457435,0.8389794472007952,0.8539893233301775,0.9794803905345367,1,5919.0,1012.0,124.0,6043,6931
53,399.npy,0.9659260336739641,0.9340976227317949,0.9423827432058878,0.9906758167984554,1,13281.0,812.0,125.0,13406,14093
54,404.npy,0.9627148736986673,0.9281101688322352,0.9470466814862282,0.9789102248482038,1,11929.0,667.0,257.0,12186,12596
55,409.npy,0.9800187032418983,0.9608202683292195,0.9792860702716237,0.9807524332418328,1,31439.0,665.0,617.0,32056,32104
56,414.npy,0.9384799651568028,0.8840906759667956,0.9063568010936678,0.9729638200598372,1,34476.0,3562.0,958.0,35434,38038
57,416.npy,0.8960322959660484,0.8116472000874295,0.8700561666277381,0.9236072293646832,1,14871.0,2221.0,1230.0,16101,17092
58,429.npy,0.9316075248176758,0.8719712525668666,0.8814737934614619,0.9877878576413262,1,8493.0,1142.0,105.0,8598,9635
59,433.npy,0.9548062123968309,0.9135207496654052,0.9279303780256296,0.983285302593676,1,10236.0,795.0,174.0,10410,11031
60,436.npy,0.9620922715251472,0.9269535673840011,0.9381088825215608,0.9873341375150936,1,8185.0,540.0,105.0,8290,8725
61,443.npy,0.9572708476912769,0.9180436219432676,0.9345983044005725,0.9810707727080363,1,6945.0,486.0,134.0,7079,7431
62,444.npy,0.9727765532852964,0.9469960565994583,0.9547474275023915,0.9914996964177394,1,8165.0,387.0,70.0,8235,8552
63,454.npy,0.9765143824027231,0.9541065996561908,0.9618666666667175,0.9916151202749256,1,7214.0,286.0,61.0,7275,7500
64,458.npy,0.9710783374832684,0.9437825763217725,0.9611374407583675,0.9812270176118033,1,5070.0,205.0,97.0,5167,5275
65,464.npy,0.9726584624890723,0.946772253408233,0.9547154553725313,0.9912888329135272,1,9445.0,448.0,83.0,9528,9893
66,467.npy,0.7296962839869428,0.5744266310400944,0.5978563151798391,0.9361335389640424,1,10319.0,6941.0,704.0,11023,17260
67,47.npy,0.9508453895764551,0.9062967270311462,0.9668557249202704,0.9353566529493009,1,10910.0,374.0,754.0,11664,11284
68,471.npy,0.9043809523809726,0.8254520166899144,0.92301710730952,0.8864824495892928,1,21366.0,1782.0,2736.0,24102,23148
69,473.npy,0.9227978117673543,0.856661657252497,0.9725261795505515,0.8779075942645365,1,16531.0,467.0,2299.0,18830,16998
70,482.npy,0.9799515858730101,0.9606912498478923,0.983553451283336,0.9763760049474433,1,23682.0,396.0,573.0,24255,24078
71,486.npy,0.9506682867558115,0.9059749884207102,0.9877125063120894,0.9163023110557209,1,5868.0,73.0,536.0,6404,5941
72,49.npy,0.970172045200056,0.9420719652036951,0.9825755232498375,0.9580778124057926,1,9530.0,169.0,417.0,9947,9699
73,504.npy,0.9661835748792424,0.9345794392523942,0.9966152688980852,0.9375552803821532,1,10600.0,36.0,706.0,11306,10636
74,515.npy,0.9523956405511246,0.9091176759251064,0.9390713706407755,0.9661034626616958,1,9263.0,601.0,325.0,9588,9864
75,523.npy,0.9452916507816,0.8962588107719207,0.9854928457869923,0.9082417582419263,1,4959.0,73.0,501.0,5460,5032
76,530.npy,0.5325377587180076,0.3628970775111489,0.5628695309437806,0.5053078556280775,1,1428.0,1109.0,1398.0,2826,2537
77,532.npy,0.002290367732533032,0.0011464968165590492,0.0023029682727679045,0.002277904330543463,1,9.0,3899.0,3942.0,3951,3908
78,534.npy,0.8948210648822412,0.8096617085694225,0.8980873120165016,0.8915784896363363,1,6151.0,698.0,748.0,6899,6849
79,540.npy,0.8724423160644782,0.7737451737453194,0.9825937729835886,0.7844979448034289,1,12024.0,213.0,3303.0,15327,12237
80,545.npy,0.9562508848931359,0.9161692892025012,0.9505981703026734,0.9619712291696881,1,6754.0,351.0,267.0,7021,7105
81,547.npy,0.9452551352356676,0.8961931617908069,0.9448160535118082,0.9456946252558198,1,5085.0,297.0,292.0,5377,5382
82,574.npy,0.6739682539687715,0.5082595164005069,0.5622351694926847,0.8411251980988862,1,2123.0,1653.0,401.0,2524,3776
83,579.npy,0.8044086198388697,0.6728123280134337,0.9910822861775526,0.6769102990035459,1,9780.0,88.0,4668.0,14448,9868
84,580.npy,0.7119738725185454,0.5527635327637876,0.9935477263416699,0.5547549608282983,1,9701.0,63.0,7786.0,17487,9764
85,581.npy,0.6132295201971075,0.4421997216759719,0.9818859882791882,0.4458367603660333,1,9215.0,170.0,11454.0,20669,9385
86,584.npy,0.7948886839681268,0.6595977262797122,0.7298016448966381,0.8727220133067032,1,3017.0,1117.0,440.0,3457,4134
87,593.npy,0.9276371506540626,0.8650403650406019,0.8865107913671106,0.9727649496744173,1,4929.0,631.0,138.0,5067,5560
88,596.npy,0.6811791383224775,0.5165061898222914,0.5286250586590131,0.9575010624736188,1,2253.0,2009.0,100.0,2353,4262
89,599.npy,0.8797672915321268,0.785343335257193,0.7915858860027305,0.9900581959263093,1,4083.0,1075.0,41.0,4124,5158
90,604.npy,0.6796878607380156,0.5147933132828462,0.5155144638232713,0.9972899728997326,1,7360.0,6917.0,20.0,7380,14277
91,61.npy,0.9211916332137731,0.8538973756370783,0.9574000878350575,0.8876221498375911,1,2180.0,97.0,276.0,2456,2277
92,72.npy,0.6450396076958789,0.476057906460256,0.8205374280238937,0.5313859540101573,1,1710.0,374.0,1508.0,3218,2084
93,73.npy,0.5550364417874135,0.3841179513725191,0.7992465016157199,0.4251359862598765,1,1485.0,373.0,2008.0,3493,1858
94,8.npy,0.937601633702693,0.882533015341942,0.9906500978942779,0.8899457984852687,1,24793.0,234.0,3066.0,27859,25027
95,80.npy,6.9204152248656035e-12,6.9204152248656035e-12,1.0,6.9204152248656035e-12,0,0.0,0.0,1445.0,1445,0
96,86.npy,0.945792462571026,0.8971596474046493,0.9533154921202003,0.9383872384019635,1,6412.0,314.0,421.0,6833,6726
97,87.npy,0.9418873048201345,0.890157833953689,0.9175925925927017,0.967503486750394,1,6937.0,623.0,233.0,7170,7560
98,9.npy,0.4758028660352694,0.31216622537391187,0.5262122702174701,0.43420724094916713,1,6956.0,6263.0,9064.0,16020,13219
99,cju0sr5ghl0nd08789uzf1raf.npy,0.8624122103633628,0.7581060716543881,0.794892706050362,0.9424669124312912,1,15595.0,4024.0,952.0,16547,19619
100,cju16fpvhzypl0799p9phnlx6.npy,0.8085370393349645,0.6786086232036667,0.6810912511760839,0.9946573042283662,1,13032.0,6102.0,70.0,13102,19134
101,cju17g6ykn1cs0993dww6qdi8.npy,0.7631033883030399,0.6169500191743278,0.9902338941321337,0.6207269079405251,1,24132.0,238.0,14745.0,38877,24370
102,cju17hw9hr9c5098800fu4u8e.npy,0.959562479284124,0.9222682382926974,0.9479371316308188,0.9714765100672098,1,2895.0,159.0,85.0,2980,3054
103,cju1c3218411b08014g9f6gig.npy,0.9544041704398163,0.91278498197654,0.9246016691957869,0.9861918972232127,1,19498.0,1590.0,273.0,19771,21088
104,cju1cfhyg48bb0799cl5pr2jh.npy,0.9660473134757288,0.9343244870548217,0.9425314208288826,0.990766661755321,1,20173.0,1230.0,188.0,20361,21403
105,cju1dfeupuzlw0835gnxip369.npy,0.9629221530494392,0.9284955376116357,0.9375603476022556,0.9896942242355723,1,8739.0,582.0,91.0,8830,9321
106,cju1dg44i4z3w0801nyz4p6zf.npy,0.07753479125309638,0.04033092037294703,0.04182455136981352,0.5303717135128707,1,585.0,13402.0,518.0,1103,13987
107,cju1efbr0rqxz09931z0lf4vf.npy,0.8741015812171334,0.7763591871478067,0.7893768931200893,0.979200214707489,1,7297.0,1947.0,155.0,7452,9244
108,cju1egh885m1l0855ci1lt37c.npy,0.9215416379904997,0.8544990427573245,0.9752367079389103,0.8734507501634917,1,2678.0,68.0,388.0,3066,2746
109,cju1ewnoh5z030855vpex9uzt.npy,0.5841692461657588,0.41259821810191255,0.41340009223288315,0.9953208026013203,1,12550.0,17808.0,59.0,12609,30358
110,cju1ffnjn6ctm08015perkg37.npy,0.9609791107921352,0.9248891151021869,0.9397163120567599,0.9832264048852194,1,25440.0,1632.0,434.0,25874,27072
111,cju1fr4etsmrr09933u4t4aql.npy,0.9807563733612423,0.9622393976556591,0.987878078060496,0.9737366157753546,1,33739.0,414.0,910.0,34649,34153
112,cju1g20bdwq6u0835e16xugcd.npy,0.9659852920321781,0.934208463949869,0.9453961456103,0.9874911982769384,1,23841.0,1377.0,302.0,24143,25218
113,cju1hp9i2xu8e0988u2dazk7m.npy,0.9795918367347002,0.9600000000000244,0.9703543913713588,0.9890068471637735,1,15744.0,481.0,175.0,15919,16225
114,cju2hfqnmhisa0993gpleeldd.npy,0.6422413793113086,0.4730158730179642,0.8557071069644242,0.5140146614941181,1,1192.0,201.0,1127.0,2319,1393
115,cju2hjrqcvi2j0801bx1i6gxg.npy,0.6583665338653925,0.49072011878437,0.6274323682979239,0.6925091671048061,1,1322.0,785.0,587.0,1909,2107
116,cju2i8br1vqtd08784u6vmcjk.npy,0.9852858441165047,0.9709984219729727,0.98383820923902,0.9867377454167265,1,22767.0,374.0,306.0,23073,23141
117,cju2iatlki5u309930zmgkv6h.npy,0.7503303600925524,0.6004229727051746,0.9723857433372726,0.6108384320582226,1,18170.0,516.0,11576.0,29746,18686
118,cju2igw4gvxds0878808qj398.npy,0.874282830155653,0.7766451943489172,0.9934687953555893,0.7806309206291215,1,42439.0,279.0,11926.0,54365,42718
119,cju2mh8t6p07008350e01tx2a.npy,0.4564609249451056,0.2957235954192358,0.29623763906084044,0.9941664506092894,1,7669.0,18219.0,45.0,7714,25888
120,cju2nnqrqzp580855z8mhzgd6.npy,0.8118875794491681,0.6833423886544234,0.9943643698432982,0.6859991888452672,1,49051.0,278.0,22452.0,71503,49329
121,cju2oq5570avm079959o20op1.npy,0.9799193482017983,0.9606292860024362,0.9902282839203334,0.9698228466707515,1,23814.0,235.0,741.0,24555,24049
122,cju2p4ddkmzxj0993p94o62av.npy,0.9739870871151989,0.949293205654401,0.9573254851467329,0.9912389296257583,1,10409.0,464.0,92.0,10501,10873
123,cju2pmhtr17a00855cvpelzb0.npy,0.9735532047293196,0.9484692331009787,0.9552010989849995,0.992624315964793,1,12516.0,587.0,93.0,12609,13103
124,cju2qozsk20cq0855ugrg3cri.npy,0.6039843418855552,0.4326486872657858,0.4475648510829031,0.9284783441932323,1,12112.0,14950.0,933.0,13045,27062
125,cju2qvuj1s9ok0835tp2k4ozh.npy,0.7732904060729805,0.6303777274599552,0.9837375522004562,0.6370160430589363,1,24499.0,405.0,13960.0,38459,24904
126,cju2r6mt2om21099352pny5gw.npy,0.9828035024059343,0.9661884451337815,0.9766402759269481,0.9890450107168403,1,37377.0,894.0,414.0,37791,38271
127,cju2r91dg2k090801bh0xzbxk.npy,0.9589739084600203,0.9211814345992891,0.9800682348716465,0.9387684898521865,1,5458.0,111.0,356.0,5814,5569
128,cju2ricdv2iys0878sv1adh0u.npy,0.5419966052185259,0.3717389185501931,0.9994176905607641,0.3718194521171837,1,34326.0,20.0,57993.0,92319,34346
129,cju2rmd2rsw9g09888hh1efu0.npy,0.845306764552463,0.7320617620369477,0.7661596958197134,0.9426900584802025,1,806.0,246.0,49.0,855,1052
130,cju2rn0hasxri0835nfy3buay.npy,0.8259097934525419,0.7034466251802215,0.9839303649146839,0.7116222760297539,1,2939.0,48.0,1191.0,4130,2987
131,cju2ro5jqsy680988pi6qsujw.npy,3.73092564265055e-13,3.73092564265055e-13,1.0,3.73092564265055e-13,0,0.0,0.0,26803.0,26803,0
132,cju2suk42469908015ngmq6f2.npy,0.9767381752390899,0.9545339732256003,0.9832610581092947,0.9703012666895153,1,11337.0,193.0,347.0,11684,11530
133,cju2syxa93yw40799x2iuwabz.npy,0.9543283011657666,0.9126461988307286,0.9648377125194558,0.9440453686202493,1,2497.0,91.0,148.0,2645,2588
134,cju2t3ibkuecr0835o7si16zv.npy,0.9593924691488668,0.9219541860938132,0.9578770008425487,0.9609127403339089,1,4548.0,200.0,185.0,4733,4748
135,cju2tpfa5uyx408359datxqqj.npy,0.9396483971044717,0.8861668097059482,0.9804903314917296,0.9020729092209498,1,11358.0,226.0,1233.0,12591,11584
136,cju2tvrvm53ws0801a0jfjdxg.npy,0.9590546853531315,0.9213305174234886,0.9588497466268033,0.9592597117029323,1,15705.0,674.0,667.0,16372,16379
137,cju2uokeg5jm20799xwgsyz89.npy,0.9093510137830602,0.8337705579659384,0.9699228263740222,0.8558999456226583,1,33054.0,1025.0,5565.0,38619,34079
138,cju2wve9v7esz0878mxsdcy04.npy,0.9757950398451063,0.9527341477603946,0.9892781636967846,0.962674504041201,1,6551.0,71.0,254.0,6805,6622
139,cju2wx0gh7fpz0878wwyd9ep8.npy,0.971401269537935,0.9443928334440022,0.9700109051254499,0.9727956254272415,1,7116.0,220.0,199.0,7315,7336
140,cju2xjz2ju8pe0993ysv9wg17.npy,0.9284423386899994,0.8664417905005622,0.8735695574245721,0.9906707666649343,1,19008.0,2751.0,179.0,19187,21759
141,cju2y26c588bo07993ksd8eoz.npy,0.9741191822531676,0.9495442018232462,0.9663430420712337,0.9820214865161346,1,8958.0,312.0,164.0,9122,9270
142,cju2y5zas8m7f0801d34g5owq.npy,0.8477903965607962,0.7357952876197968,0.9823494802902599,0.7456532094796519,1,25045.0,450.0,8543.0,33588,25495
143,cju2yo1j1v0qz09934o0e683p.npy,0.9402288278495561,0.8871998527207513,0.9936377025036838,0.8922686275028718,1,33734.0,216.0,4073.0,37807,33950
144,cju2yyhsp933j0855hp32e012.npy,0.9705592733265066,0.942802483114066,0.9635688919037694,0.9776518218623572,1,24148.0,913.0,552.0,24700,25061
145,cju2zdvjn9h7r08553cp4eed5.npy,0.3209147131959023,0.1911247247046576,0.1916049132069862,0.9870571316512131,1,7550.0,31854.0,99.0,7649,39404
146,cju300m3s04fg0988uzupuf7z.npy,0.9766486686049248,0.9543630214205392,0.9637067395264282,0.9899429319861587,1,21163.0,797.0,215.0,21378,21960
147,cju302fqq9spc0878rrygyzzz.npy,0.9393062062431017,0.8855583126551247,0.9059094293644128,0.9752596101293586,1,26766.0,2780.0,679.0,27445,29546
148,cju303j5r062k098835zxfds5.npy,0.9823577746628729,0.9653272537285406,0.9708608006114733,0.9941303071805966,1,10162.0,305.0,60.0,10222,10467
149,cju306x7w05nb0835cunv799x.npy,0.9458695479882847,0.8972983810335836,0.9859558297075586,0.9089155158408261,1,17902.0,255.0,1794.0,19696,18157
150,cju30qbm1ad3x0855znuhpz9u.npy,0.976533595508528,0.9541432832802583,0.9622434671765552,0.991254563122097,1,37744.0,1481.0,333.0,38077,39225
151,cju31t8xd17bk0835rnb893jk.npy,4.1928721173828396e-12,4.1928721173828396e-12,5.995203836894514e-12,1.3947001394505621e-11,0,0.0,1668.0,717.0,717,1668
152,cju323ypb1fbb0988gx5rzudb.npy,0.9627247255323133,0.9281284816379878,0.9883817241610915,0.9383660630791596,1,44152.0,519.0,2900.0,47052,44671
153,cju32csyfblyh080170aa3x5p.npy,0.9598624225315683,0.9228225605191398,0.927975406236321,0.9940188172043051,1,14791.0,1148.0,89.0,14880,15939
154,cju32fhnhbds40799broyoptc.npy,0.9756484492742321,0.9524547003253021,0.9788317682636021,0.9724857685009922,1,6150.0,133.0,174.0,6324,6283
155,cju336l68y7if0993wf092166.npy,0.9514342218099807,0.9073672263578104,0.932839150279717,0.9707857142857247,1,27182.0,1957.0,818.0,28000,29139
156,cju34sh43d8zm08019xbwhc0o.npy,0.9720274914089443,0.9455773216554486,0.9694954757335005,0.9745727673649569,1,14143.0,445.0,369.0,14512,14588
157,cju3u815rg4ek0850vvhtcvcm.npy,0.9753006618657901,0.9517920287151141,0.9869182297232585,0.9639534255943341,1,53564.0,710.0,2003.0,55567,54274
158,cju3x5u2tiihx0818914gzxy1.npy,0.9536671447680208,0.9114376366941098,0.9147909967845923,0.9959942101188286,1,29588.0,2756.0,119.0,29707,32344
159,cju3xga12iixg0817dijbvjxw.npy,0.736658710385606,0.5831034863196208,0.9886825983257781,0.58702171377809,1,21141.0,242.0,14873.0,36014,21383
160,cju3xjqtpikx50817tppy6g84.npy,0.951316627734139,0.9071533437959262,0.920008214817518,0.9848309975268014,1,17919.0,1558.0,276.0,18195,19477
161,cju3y0pjrj1c30755nxekxccj.npy,0.9752188126120688,0.951636139123376,0.9708167121562653,0.9796610169491956,1,4624.0,139.0,96.0,4720,4763
162,cju40r6jrksyk0871wg98zgho.npy,0.9665500763584496,0.9352655162551553,0.9846925972396564,0.949063996517221,1,19620.0,305.0,1053.0,20673,19925
163,cju40u30gkuzc0871rq7t666d.npy,0.9578181818182074,0.9190509420796474,0.9537718768859942,0.9618989653074108,1,7902.0,383.0,313.0,8215,8285
164,cju42nm68lpyo0818xvvqmupq.npy,0.8460505705974922,0.7331782043825222,0.98985535702599,0.7387290577835497,1,15124.0,155.0,5349.0,20473,15279
165,cju43b8daly4408170e5ev06g.npy,0.9848392711107415,0.9701313723870238,0.9910111411208681,0.9787438002750891,1,23483.0,213.0,510.0,23993,23696
166,cju43c92lm5cj0755lorsorfg.npy,0.25062311989707764,0.14326422324878213,0.14812055536771143,0.8137674418608116,1,4374.0,25156.0,1001.0,5375,29530
167,cju43h43am1dy08176gwfhmnt.npy,0.9685983442763794,0.939108773872297,0.9536256323778707,0.984048723897958,1,3393.0,165.0,55.0,3448,3558
168,cju43kj2pm34f0850l28ahpni.npy,0.9261049723759458,0.8623794212227499,0.9654427645790825,0.8898473788992047,1,1341.0,48.0,166.0,1507,1389
169,cju43lcnum9y10755bjs7z87f.npy,0.969241701350148,0.9403190860745709,0.981900452488725,0.9569051914212129,1,4774.0,88.0,215.0,4989,4862
170,cju45jpvfn6c809873pv1i34s.npy,0.8962797874164594,0.8120534327432047,0.9814522790418402,0.8247097425543761,1,13070.0,247.0,2778.0,15848,13317
171,cju45n0oxn5vu08500yfrt9jn.npy,0.9831075430674097,0.966776315789501,0.9835187818957721,0.9826966479980083,1,11756.0,197.0,207.0,11963,11953
172,cju5bf6hxa6m50817rbwettgu.npy,0.9655598896394417,0.9334130414789539,0.9898566273285967,0.9424273377287191,1,10149.0,104.0,620.0,10769,10253
173,cju5cetivauok0987ok3e5bre.npy,0.9632554634514053,0.9291155434087753,0.9833220505877387,0.9439914923786222,1,15978.0,271.0,948.0,16926,16249
174,cju5ddda9bkkt0850enzwatb1.npy,0.9513258691809647,0.9071701505958482,0.9494236650201142,0.953235710911778,1,4036.0,215.0,198.0,4234,4251
175,cju5enq1tcn1i0755hnkon787.npy,0.9618341420860471,0.926474449871369,0.9400511563466162,0.9846505916499304,1,17641.0,1125.0,275.0,17916,18766
176,cju5ew4h9cqaf0818rrczkmqh.npy,0.9226564732780933,0.8564180787214059,0.9947234632568192,0.8603264490340239,1,25827.0,137.0,4193.0,30020,25964
177,cju5eyfe9cpk90987laa7tsl3.npy,0.9626254504303341,0.9279439627949913,0.9682192601467822,0.9570959050128929,1,32324.0,1061.0,1449.0,33773,33385
178,cju5fs6j6d8350801vglraq4u.npy,0.9719015465040347,0.9453389830508667,0.9936901492094151,0.9510479573712429,1,26772.0,170.0,1378.0,28150,26942
179,cju5ft6mcd5q40987rhjgbrr6.npy,0.9731768397550092,0.9477550540667914,0.9667885618368403,0.9796501032681451,1,16127.0,554.0,335.0,16462,16681
180,cju5fu081d8gc0818l3yylujk.npy,0.9369318976367382,0.8813470139438551,0.906507915031922,0.9694689625235574,1,6700.0,691.0,211.0,6911,7391
181,cju5h57xedz5h0755mjpc8694.npy,0.9913705961843361,0.9828888513798669,0.9982428696937883,0.9845922982626739,1,46585.0,82.0,729.0,47314,46667
182,cju5i5oh2efg60987ez6cpf72.npy,0.9784050615309771,0.957723090325051,0.9918522695235433,0.9653176018658347,1,35181.0,289.0,1264.0,36445,35470
183,cju5jz5fff8c50871hbe6108f.npy,0.9793031781312301,0.959445701357489,0.9965924446272272,0.9626035637271805,1,16963.0,58.0,659.0,17622,17021
184,cju5k503sfa5f0871lx0rpu5y.npy,0.9652578796561694,0.9328487365870876,0.9553833687835737,0.9753386412987409,1,18865.0,881.0,477.0,19342,19746
185,cju5nyu31gv8e0871zpk74a2n.npy,0.9583189803651754,0.9199735449736773,0.9914468995010843,0.9273333333334545,1,5564.0,48.0,436.0,6000,5612
186,cju5von04litr08718j8po40a.npy,0.9627104494225944,0.9281019450034499,0.9758815232722484,0.9498901702362028,1,6919.0,171.0,365.0,7284,7090
187,cju5vxuc5loxw0818u8xgf45p.npy,0.9604385494134937,0.9238881923446243,0.9649514712679365,0.955967643467677,1,12527.0,455.0,577.0,13104,12982
188,cju5wrrs0m2af0818vmnajbtw.npy,0.9298934380259303,0.8689727463316947,0.9802916830903418,0.8844238975822033,1,2487.0,50.0,325.0,2812,2537
189,cju5y7buemcw80987p0r30g9f.npy,0.9835184620924674,0.9675713974275302,0.9865518199499936,0.9805037004308071,1,17753.0,242.0,353.0,18106,17995
190,cju5y84q3mdv50817eyp82xf3.npy,0.9421248947179134,0.8905823475889659,0.9831742842792989,0.9043659043661253,1,3915.0,67.0,414.0,4329,3982
191,cju6uy20suzbl0987rzuhz7z9.npy,0.9654283258523624,0.933167174374627,0.9885102429961431,0.9433997480285832,1,20218.0,235.0,1213.0,21431,20453
192,cju6vta3kvazg0817qbeppjtm.npy,0.9702966924413308,0.9423070561381646,0.963405147630817,0.9772875424572075,1,28485.0,1082.0,662.0,29147,29567
193,cju6wll7wvo3y08502pagos8m.npy,0.9818248577198492,0.9642985935809721,0.9957919040703103,0.9682441974146474,1,26740.0,113.0,877.0,27617,26853
194,cju6wn57mvooj0850rp78hhy7.npy,0.8877042875072689,0.7980829895656883,0.961273163032688,0.8245957126739816,1,32889.0,1325.0,6996.0,39885,34214
195,cju6z7e4bwgdd0987ogkzq9kt.npy,0.9010697551056787,0.8199517296863396,0.9753732295521402,0.8372857221097337,1,15288.0,386.0,2971.0,18259,15674
196,cju7787c5yy3l080159mwqsnj.npy,0.8860498660623078,0.7954125046247436,0.8538522637015438,0.9207708779444386,1,6450.0,1104.0,555.0,7005,7554
197,cju7agj961l2r0818z29iq8yn.npy,0.8812217979868926,0.7876644328620158,0.9988983317595233,0.7883492733824514,1,6347.0,7.0,1704.0,8051,6354
198,cju7amjna1ly40871ugiokehb.npy,0.9668959086140673,0.9359133476249939,0.991098631937397,0.9438470728793629,1,16590.0,149.0,987.0,17577,16739
199,cju7atnm31if40817pqclnjer.npy,0.8995121951219784,0.8173758865249127,0.9905102954342044,0.8238272524200427,1,16596.0,159.0,3549.0,20145,16755
200,cju7awzmu1ncs0871hziy65zx.npy,0.9719408427876965,0.9454133412159371,0.9747054043072179,0.9691919191919504,1,9595.0,249.0,305.0,9900,9844
201,cju7b3f5h1sm40755i572jden.npy,0.8017026850033393,0.6690348671987818,0.9898924557289642,0.6736367138063756,1,12242.0,125.0,5931.0,18173,12367
202,cju7ctvqn25dy08186g442m1r.npy,0.9377863067970974,0.8828603065447387,0.997432183302609,0.88487149532717,1,15149.0,39.0,1971.0,17120,15188
203,cju7cufm7298k0755j09uf3of.npy,0.9547003692133078,0.9133269936150569,0.9935712702283355,0.9187564058763794,1,13446.0,87.0,1189.0,14635,13533
204,cju7d3oc82cho0755dajlwldz.npy,0.9444172858819064,0.8946880933636389,0.9853616239926628,0.9067398854783129,1,19319.0,287.0,1987.0,21306,19606
205,cju7d5m0p23kn09871rk7pu3v.npy,0.7342083127495448,0.5800388169276445,0.9881756756756799,0.5840927920464845,1,27495.0,329.0,19578.0,47073,27824
206,cju7d9seq29zd0871nzl2uu5m.npy,0.6877646142442947,0.5241168022978413,0.5301876924865807,0.9786199499463788,1,27372.0,24255.0,598.0,27970,51627
207,cju7f9umg2olj0987fj5y285w.npy,0.9835012733916555,0.9675381263616735,0.9872728283221324,0.9797584247973197,1,17764.0,229.0,367.0,18131,17993
208,cju7fazv92ywx0755xov2erga.npy,0.9551609687149062,0.9141704512513493,0.9996037825558668,0.9145018245088532,1,37843.0,15.0,3538.0,41381,37858
209,cju7fnfv02tt90801djnix9m8.npy,0.9611123180535279,0.9251359263909447,0.9853006681515132,0.9380831212894908,1,2212.0,33.0,146.0,2358,2245
210,cju7frtqu2xa20818wq8r9fzf.npy,0.9405417709993307,0.8877572944867484,0.942300675059322,0.9387894210670096,1,20659.0,1265.0,1347.0,22006,21924
211,cju83h9ysjwe808716nt35oah.npy,0.9137524913934465,0.8412010008342933,0.9649827784156813,0.8676875430146805,1,5043.0,183.0,769.0,5812,5226
212,cju83ipu3jwpx0801z5pvguf8.npy,0.8019664422359709,0.6694023193583062,0.6721605159446934,0.9939072847682281,1,3752.0,1830.0,23.0,3775,5582
213,cju83nwu1jxte0987h1krpfmv.npy,0.9718357365713922,0.9452144673173581,0.9561934788019943,0.9879982854693631,1,11525.0,528.0,140.0,11665,12053
214,cju83syhdk6gs0801rf1rekdl.npy,0.5271636279714916,0.35792409665004926,0.3579689703810193,0.9996498905908099,1,11421.0,20484.0,4.0,11425,31905
215,cju83yddek68q0850d2x7zfkm.npy,0.9213801040592895,0.8542213132975351,0.9756270945465748,0.8728478626266875,1,19214.0,480.0,2799.0,22013,19694
216,cju8567gdlcbq0801dwwyo2jt.npy,0.9782111018341487,0.9573514681849445,0.9809058254787099,0.9755311434020103,1,36320.0,707.0,911.0,37231,37027
217,cju85a8h8llwm07559wxg4t5w.npy,0.9652890329551829,0.9329069312101124,0.9476266242376722,0.9836223506743963,1,7147.0,395.0,119.0,7266,7542
218,cju85mpuglq8k0818d2it6hzb.npy,0.8971720480043269,0.813519503546182,0.9876762458293038,0.8218619855806628,1,18353.0,229.0,3978.0,22331,18582
219,cju85plp7lmkw0850rx42jdpf.npy,0.8914464624795414,0.8041528282643887,0.9930887482237459,0.8086785009862437,1,30750.0,214.0,7275.0,38025,30964
220,cju87kbcen2av0987usezo8kn.npy,0.33425639354961884,0.20066497164117586,0.21026026367948278,0.8147167813660472,1,6156.0,23122.0,1400.0,7556,29278
221,cju87r56lnkyp0755hz30leew.npy,0.9572929385088141,0.918084257662733,0.9812950431864496,0.9344369646646058,1,35674.0,680.0,2503.0,38177,36354
222,cju87vqa0ndwg0850onjdz7ol.npy,0.8695177434031024,0.7691564713458099,0.9938522695756689,0.7728334711189662,1,64503.0,399.0,18960.0,83463,64902
223,cju888fr7nveu0818r9uwtiit.npy,0.9612524217236543,0.9253955838999306,0.9794319918492235,0.9437354276598701,1,15381.0,323.0,917.0,16298,15704
224,cju88t4fvokxf07558ymyh281.npy,0.9653933286462265,0.9331017819390922,0.9889564660691598,0.9429269037083123,1,6179.0,69.0,374.0,6553,6248
225,cju8aqq8uqmoq0987hphto9gg.npy,0.8952280428865208,0.8103283552069669,0.8239384410870405,0.9800225012923102,1,32230.0,6887.0,657.0,32887,39117
226,cju8ashhnquqr0801rwduzt7d.npy,0.9462227163672853,0.897934251443916,0.9936094383679567,0.9031501340483654,1,8085.0,52.0,867.0,8952,8137
227,cju8bafgqrf4x0818twisk3ea.npy,0.96462612889284,0.9316693764556261,0.9520003592115522,0.977591294725204,1,21202.0,1069.0,486.0,21688,22271
228,cju8bgdmqrksy0801tozdmraa.npy,0.963884959924598,0.9302875864580811,0.961075592328016,0.9667108000757202,1,5111.0,207.0,176.0,5287,5318
229,cju8bk8oirjhw0817hgkua2w8.npy,0.9838527259596408,0.9682186343399752,0.979887085391678,0.9878505951566595,1,36101.0,741.0,444.0,36545,36842
230,cju8bn7m2rmm70817hgxpb1uq.npy,0.9791449426485961,0.9591419816139061,0.9783007005568607,0.9799906431064959,1,27231.0,604.0,556.0,27787,27835
231,cju8bysfgrzkl081786jwac09.npy,0.9845439072634471,0.9695583238958235,0.9754352383556761,0.9938242942050549,1,21403.0,539.0,133.0,21536,21942
232,cju8c2rqzs5t80850d0zky5dy.npy,0.8823651653482382,0.7894932566442411,0.9470631970260381,0.8259414877062388,1,31845.0,1780.0,6711.0,38556,33625
233,cju8c3xs7sauj0801ieyzezr5.npy,0.9526787282627872,0.9096337045485343,0.9410744031094042,0.9645728106993083,1,27118.0,1698.0,996.0,28114,28816
234,cju8d2q30tfhs0801n7lx77xl.npy,0.9828596017307779,0.9662968882203787,0.9878898553510559,0.9778803158595862,1,20557.0,252.0,465.0,21022,20809
235,cju8dic9mtppa0987swn23wbc.npy,0.9833986320472835,0.9673394735123236,0.9900718702991843,0.9768147488539373,1,29618.0,297.0,703.0,30321,29915
236,cju8djdqztu6408506pzhlo18.npy,0.9217846895921153,0.8549170844582685,0.8561717905145557,0.9982887507880769,1,11084.0,1862.0,19.0,11103,12946
237,cjyzk8qieoboa0848ogj51wwm.npy,0.8469573381843938,0.7345411980253899,0.9932102305310258,0.7382482822117716,1,43299.0,296.0,15352.0,58651,43595
238,cjyzurzvohqnr0794es1itzek.npy,0.9463373752717318,0.8981407834560061,0.9059773342694284,0.9904610492845839,1,18067.0,1875.0,174.0,18241,19942
239,ck2395w2mb4vu07480otsu6tw.npy,0.9836002562460014,0.9677297365435726,0.9730038022813859,0.9944300518134751,1,15354.0,426.0,86.0,15440,15780
240,ck2bxknhjvs1x0794iogrq49k.npy,0.9313939564697008,0.8715971260959254,0.9756511473474687,0.8909776969207661,1,13223.0,330.0,1618.0,14841,13553
241,ck2bxpfgxu2mk0748gsh7xelu.npy,0.6585436193225245,0.4909169085246792,0.8135019593875784,0.5531734496129442,1,4567.0,1047.0,3689.0,8256,5614
