arch,id_det_src,id_n,id_det_frozen,id_k_frozen,id_det_subst,id_del,id_dice,ood_n,ood_det_frozen,ood_k_frozen,ood_det_subst,ood_del,ood_dice,retention
EGAUNet,Recall,242,1.0,0,0.9917355371900827,0.885307265792032,0.885307265792032,196,0.8571428571428571,28,0.8571428571428571,0.749967842397122,0.6428295793761665,0.7261090066860175
TransUNet,Recall,242,1.0,0,0.9917355371900827,0.8390788241710456,0.8390788241710456,196,0.7857142857142857,42,0.7857142857142857,0.7208089603323473,0.566349897633924,0.6749662621904923
M2SNet,Recall,242,1.0,0,0.9752066115702479,0.8603479380379638,0.8603479380379638,196,0.7448979591836735,50,0.7448979591836735,0.7566669805562252,0.5636396900048217,0.6551299364884983
SANet,Recall,242,1.0,0,0.9793388429752066,0.848829747077322,0.848829747077322,196,0.7397959183673469,51,0.7397959183673469,0.7562690588131804,0.5594847631224368,0.6591248304490346
PraNet,Dice,242,1.0,0,0.9710743801652892,0.8445122607932337,0.8445122607932337,196,0.7806122448979592,43,0.7806122448979592,0.6939279529835962,0.541688657408456,0.6414218982441515
PSPNet,Recall,242,1.0,0,0.9793388429752066,0.8646062004418408,0.8646062004418408,196,0.7704081632653061,45,0.7704081632653061,0.686365144079804,0.5287813103051605,0.6115863037240963
CaraNet,Recall,242,1.0,0,0.9834710743801653,0.8316442656364066,0.8316442656364066,196,0.75,49,0.75,0.6811130388401692,0.5108347793842372,0.6142467404537763
UACANet,Recall,242,1.0,0,0.9710743801652892,0.8332554599640427,0.8332554599640427,196,0.6989795918367347,59,0.6989795918367347,0.7257783892810902,0.5073042826760299,0.6088220324387931
PolypPVT,Recall,242,1.0,0,0.9793388429752066,0.86379502386353,0.86379502386353,196,0.6479591836734694,69,0.6479591836734694,0.768099663588475,0.49769723146199585,0.5761751546517666
AttentionUNet,Recall,242,1.0,0,0.987603305785124,0.8394898226404438,0.8394898226404438,196,0.673469387755102,64,0.673469387755102,0.6994830993423944,0.4710804551391146,0.5611508828748242
UNet,Recall,242,1.0,0,0.9793388429752066,0.8238183108298338,0.8238183108298338,196,0.6632653061224489,66,0.6632653061224489,0.7086452155606822,0.4700197862756643,0.5705381636907445
SegNet,Recall,242,1.0,0,0.9834710743801653,0.8506006612701679,0.8506006612701679,196,0.6326530612244898,72,0.6326530612244898,0.7383658722223293,0.46712942985557865,0.5491759542698132
MultiResUNet,Dice,242,1.0,0,0.9793388429752066,0.8424785194947292,0.8424785194947292,196,0.6428571428571429,70,0.6428571428571429,0.6955013187853472,0.44710799112119615,0.5307055085384802
ResUNet,Recall,242,1.0,0,0.9834710743801653,0.791859694621517,0.791859694621517,196,0.6377551020408163,71,0.6377551020408163,0.6495390572492034,0.41424684815586643,0.5231316241621098
